"Step","lux_v2_mappo_seq - collection/reward/reward_mean","lux_v2_mappo_seq - collection/reward/reward_mean__MIN","lux_v2_mappo_seq - collection/reward/reward_mean__MAX"
"0","0.07018236815929413","0.07018236815929413","0.07018236815929413"
"1","0.06080826744437218","0.06080826744437218","0.06080826744437218"
"2","0.056610412895679474","0.056610412895679474","0.056610412895679474"
"3","0.04261546954512596","0.04261546954512596","0.04261546954512596"
"4","0.06872645765542984","0.06872645765542984","0.06872645765542984"
"5","0.089084193110466","0.089084193110466","0.089084193110466"
"6","0.03972714766860008","0.03972714766860008","0.03972714766860008"
"7","0.04796910658478737","0.04796910658478737","0.04796910658478737"
"8","0.05771166458725929","0.05771166458725929","0.05771166458725929"
"9","0.07243552803993225","0.07243552803993225","0.07243552803993225"
"10","0.10201381146907806","0.10201381146907806","0.10201381146907806"
"11","0.08565293252468109","0.08565293252468109","0.08565293252468109"
"12","0.058408960700035095","0.058408960700035095","0.058408960700035095"
"13","0.037710223346948624","0.037710223346948624","0.037710223346948624"
"14","0.03548826277256012","0.03548826277256012","0.03548826277256012"
"15","0.057323962450027466","0.057323962450027466","0.057323962450027466"
"16","0.06978774815797806","0.06978774815797806","0.06978774815797806"
"17","0.0969332754611969","0.0969332754611969","0.0969332754611969"
"18","0.0527646578848362","0.0527646578848362","0.0527646578848362"
"19","0.06455770134925842","0.06455770134925842","0.06455770134925842"
"20","0.05265985429286957","0.05265985429286957","0.05265985429286957"
"21","0.06023341789841652","0.06023341789841652","0.06023341789841652"
"22","0.04753779247403145","0.04753779247403145","0.04753779247403145"
"23","0.06617005914449692","0.06617005914449692","0.06617005914449692"
"24","0.04218168184161186","0.04218168184161186","0.04218168184161186"
"25","0.056371115148067474","0.056371115148067474","0.056371115148067474"
"26","0.06815912574529648","0.06815912574529648","0.06815912574529648"
"27","0.05402912199497223","0.05402912199497223","0.05402912199497223"
"28","0.053865063935518265","0.053865063935518265","0.053865063935518265"
"29","0.06214067339897156","0.06214067339897156","0.06214067339897156"
"30","0.05285045504570007","0.05285045504570007","0.05285045504570007"
"31","0.05096302926540375","0.05096302926540375","0.05096302926540375"
"32","0.05923890694975853","0.05923890694975853","0.05923890694975853"
"33","0.07466995716094971","0.07466995716094971","0.07466995716094971"
"34","0.07855647057294846","0.07855647057294846","0.07855647057294846"
"35","0.09991662204265594","0.09991662204265594","0.09991662204265594"
"36","0.0576481930911541","0.0576481930911541","0.0576481930911541"
"37","0.06725344061851501","0.06725344061851501","0.06725344061851501"
"38","0.08295190334320068","0.08295190334320068","0.08295190334320068"
"39","0.0563102662563324","0.0563102662563324","0.0563102662563324"
"40","0.062129486352205276","0.062129486352205276","0.062129486352205276"
"41","0.09770713001489639","0.09770713001489639","0.09770713001489639"
"42","0.06864581257104874","0.06864581257104874","0.06864581257104874"
"43","0.06875930726528168","0.06875930726528168","0.06875930726528168"
"44","0.060542408376932144","0.060542408376932144","0.060542408376932144"
"45","0.05905916541814804","0.05905916541814804","0.05905916541814804"
"46","0.07351597398519516","0.07351597398519516","0.07351597398519516"
"47","0.08762151002883911","0.08762151002883911","0.08762151002883911"
"48","0.0509372241795063","0.0509372241795063","0.0509372241795063"
"49","0.05118745192885399","0.05118745192885399","0.05118745192885399"
"50","0.04672811180353165","0.04672811180353165","0.04672811180353165"
"51","0.054911572486162186","0.054911572486162186","0.054911572486162186"
"52","0.08502042293548584","0.08502042293548584","0.08502042293548584"
"53","0.0886247381567955","0.0886247381567955","0.0886247381567955"
"54","0.04580168426036835","0.04580168426036835","0.04580168426036835"
"55","0.038501251488924026","0.038501251488924026","0.038501251488924026"
"56","0.05381888523697853","0.05381888523697853","0.05381888523697853"
"57","0.049071624875068665","0.049071624875068665","0.049071624875068665"
"58","0.050852127373218536","0.050852127373218536","0.050852127373218536"
"59","0.07305855304002762","0.07305855304002762","0.07305855304002762"
"60","0.04814668744802475","0.04814668744802475","0.04814668744802475"
"61","0.07181795686483383","0.07181795686483383","0.07181795686483383"
"62","0.07738958299160004","0.07738958299160004","0.07738958299160004"
"63","0.05156117305159569","0.05156117305159569","0.05156117305159569"
"64","0.06483465433120728","0.06483465433120728","0.06483465433120728"
"65","0.06873266398906708","0.06873266398906708","0.06873266398906708"
"66","0.06012916937470436","0.06012916937470436","0.06012916937470436"
"67","0.06380806863307953","0.06380806863307953","0.06380806863307953"
"68","0.08217641711235046","0.08217641711235046","0.08217641711235046"
"69","0.06242792680859566","0.06242792680859566","0.06242792680859566"
"70","0.07656156271696091","0.07656156271696091","0.07656156271696091"
"71","0.05491793155670166","0.05491793155670166","0.05491793155670166"
"72","0.05699964985251427","0.05699964985251427","0.05699964985251427"
"73","0.09110961109399796","0.09110961109399796","0.09110961109399796"
"74","0.09846141189336777","0.09846141189336777","0.09846141189336777"
"75","0.0552251897752285","0.0552251897752285","0.0552251897752285"
"76","0.060489121824502945","0.060489121824502945","0.060489121824502945"
"77","0.07434550672769547","0.07434550672769547","0.07434550672769547"
"78","0.06014809384942055","0.06014809384942055","0.06014809384942055"
"79","0.06043153628706932","0.06043153628706932","0.06043153628706932"
"80","0.08223678171634674","0.08223678171634674","0.08223678171634674"
"81","0.05958392471075058","0.05958392471075058","0.05958392471075058"
"82","0.07117488235235214","0.07117488235235214","0.07117488235235214"
"83","0.057572394609451294","0.057572394609451294","0.057572394609451294"
"84","0.05892995372414589","0.05892995372414589","0.05892995372414589"
"85","0.059550605714321136","0.059550605714321136","0.059550605714321136"
"86","0.06684695184230804","0.06684695184230804","0.06684695184230804"
"87","0.0542418472468853","0.0542418472468853","0.0542418472468853"
"88","0.06769517809152603","0.06769517809152603","0.06769517809152603"
"89","0.057904671877622604","0.057904671877622604","0.057904671877622604"
"90","0.05767054855823517","0.05767054855823517","0.05767054855823517"
"91","0.0846220850944519","0.0846220850944519","0.0846220850944519"
"92","0.09314841777086258","0.09314841777086258","0.09314841777086258"
"93","0.052729420363903046","0.052729420363903046","0.052729420363903046"
"94","0.06140889227390289","0.06140889227390289","0.06140889227390289"
"95","0.06751655787229538","0.06751655787229538","0.06751655787229538"
"96","0.052784401923418045","0.052784401923418045","0.052784401923418045"
"97","0.05905476212501526","0.05905476212501526","0.05905476212501526"
"98","0.04731972888112068","0.04731972888112068","0.04731972888112068"
"99","0.05489956587553024","0.05489956587553024","0.05489956587553024"
"100","0.043111447244882584","0.043111447244882584","0.043111447244882584"
"101","0.05020303651690483","0.05020303651690483","0.05020303651690483"
"102","0.05159757658839226","0.05159757658839226","0.05159757658839226"
"103","0.08166631311178207","0.08166631311178207","0.08166631311178207"
"104","0.06722988188266754","0.06722988188266754","0.06722988188266754"
"105","0.05642486736178398","0.05642486736178398","0.05642486736178398"
"106","0.06001253053545952","0.06001253053545952","0.06001253053545952"
"107","0.07316834479570389","0.07316834479570389","0.07316834479570389"
"108","0.08414822071790695","0.08414822071790695","0.08414822071790695"
"109","0.09929633140563965","0.09929633140563965","0.09929633140563965"
"110","0.09923705458641052","0.09923705458641052","0.09923705458641052"
"111","0.05040137469768524","0.05040137469768524","0.05040137469768524"
"112","0.08669817447662354","0.08669817447662354","0.08669817447662354"
"113","0.11855163425207138","0.11855163425207138","0.11855163425207138"
"114","0.05645941197872162","0.05645941197872162","0.05645941197872162"
"115","0.08085153996944427","0.08085153996944427","0.08085153996944427"
"116","0.09779973328113556","0.09779973328113556","0.09779973328113556"
"117","0.05781528353691101","0.05781528353691101","0.05781528353691101"
"118","0.0599367693066597","0.0599367693066597","0.0599367693066597"
"119","0.080054871737957","0.080054871737957","0.080054871737957"
"120","0.04268311336636543","0.04268311336636543","0.04268311336636543"
"121","0.07376328855752945","0.07376328855752945","0.07376328855752945"
"122","0.08792758733034134","0.08792758733034134","0.08792758733034134"
"123","0.055194191634655","0.055194191634655","0.055194191634655"
"124","0.06654968112707138","0.06654968112707138","0.06654968112707138"
"125","0.08535230159759521","0.08535230159759521","0.08535230159759521"
"126","0.06099063158035278","0.06099063158035278","0.06099063158035278"
"127","0.07116363197565079","0.07116363197565079","0.07116363197565079"
"128","0.09101007133722305","0.09101007133722305","0.09101007133722305"
"129","0.04866637662053108","0.04866637662053108","0.04866637662053108"
"130","0.06578125804662704","0.06578125804662704","0.06578125804662704"
"131","0.0795167088508606","0.0795167088508606","0.0795167088508606"
"132","0.046362560242414474","0.046362560242414474","0.046362560242414474"
"133","0.08641764521598816","0.08641764521598816","0.08641764521598816"
"134","0.10222171992063522","0.10222171992063522","0.10222171992063522"
"135","0.05411268398165703","0.05411268398165703","0.05411268398165703"
"136","0.050524719059467316","0.050524719059467316","0.050524719059467316"
"137","0.07604388892650604","0.07604388892650604","0.07604388892650604"
"138","0.058381643146276474","0.058381643146276474","0.058381643146276474"
"139","0.053962480276823044","0.053962480276823044","0.053962480276823044"
"140","0.07952894270420074","0.07952894270420074","0.07952894270420074"
"141","0.04994157329201698","0.04994157329201698","0.04994157329201698"
"142","0.06632675230503082","0.06632675230503082","0.06632675230503082"
"143","0.07153777778148651","0.07153777778148651","0.07153777778148651"
"144","0.06484100967645645","0.06484100967645645","0.06484100967645645"
"145","0.08805844187736511","0.08805844187736511","0.08805844187736511"
"146","0.08725616335868835","0.08725616335868835","0.08725616335868835"
"147","0.054955169558525085","0.054955169558525085","0.054955169558525085"
"148","0.05605335161089897","0.05605335161089897","0.05605335161089897"
"149","0.07585400342941284","0.07585400342941284","0.07585400342941284"
"150","0.06049561873078346","0.06049561873078346","0.06049561873078346"
"151","0.04708395153284073","0.04708395153284073","0.04708395153284073"
"152","0.06522735953330994","0.06522735953330994","0.06522735953330994"
"153","0.033563677221536636","0.033563677221536636","0.033563677221536636"
"154","0.049262844026088715","0.049262844026088715","0.049262844026088715"
"155","0.046356361359357834","0.046356361359357834","0.046356361359357834"
"156","0.07317797839641571","0.07317797839641571","0.07317797839641571"
"157","0.09790431708097458","0.09790431708097458","0.09790431708097458"
"158","0.08446117490530014","0.08446117490530014","0.08446117490530014"
"159","0.06406343728303909","0.06406343728303909","0.06406343728303909"
"160","0.06176215782761574","0.06176215782761574","0.06176215782761574"
"161","0.07139849662780762","0.07139849662780762","0.07139849662780762"
"162","0.04772423580288887","0.04772423580288887","0.04772423580288887"
"163","0.07006407529115677","0.07006407529115677","0.07006407529115677"
"164","0.08646674454212189","0.08646674454212189","0.08646674454212189"
"165","0.07811256498098373","0.07811256498098373","0.07811256498098373"
"166","0.0794244259595871","0.0794244259595871","0.0794244259595871"
"167","0.10547037422657013","0.10547037422657013","0.10547037422657013"
"168","0.056998103857040405","0.056998103857040405","0.056998103857040405"
"169","0.07878053933382034","0.07878053933382034","0.07878053933382034"
"170","0.07971997559070587","0.07971997559070587","0.07971997559070587"
"171","0.09186576306819916","0.09186576306819916","0.09186576306819916"
"172","0.14881771802902222","0.14881771802902222","0.14881771802902222"
"173","0.14753088355064392","0.14753088355064392","0.14753088355064392"
"174","0.04773055016994476","0.04773055016994476","0.04773055016994476"
"175","0.06839610636234283","0.06839610636234283","0.06839610636234283"
"176","0.06971394270658493","0.06971394270658493","0.06971394270658493"
"177","0.05257759615778923","0.05257759615778923","0.05257759615778923"
"178","0.04984016343951225","0.04984016343951225","0.04984016343951225"
"179","0.04668400436639786","0.04668400436639786","0.04668400436639786"
"180","0.06426186859607697","0.06426186859607697","0.06426186859607697"
"181","0.062488991767168045","0.062488991767168045","0.062488991767168045"
"182","0.06102875620126724","0.06102875620126724","0.06102875620126724"
"183","0.0809599906206131","0.0809599906206131","0.0809599906206131"
"184","0.09415609389543533","0.09415609389543533","0.09415609389543533"
"185","0.09380310028791428","0.09380310028791428","0.09380310028791428"
"186","0.052782583981752396","0.052782583981752396","0.052782583981752396"
"187","0.05963573977351189","0.05963573977351189","0.05963573977351189"
"188","0.06081754341721535","0.06081754341721535","0.06081754341721535"
"189","0.0465981662273407","0.0465981662273407","0.0465981662273407"
"190","0.06758355349302292","0.06758355349302292","0.06758355349302292"
"191","0.07995922863483429","0.07995922863483429","0.07995922863483429"
"192","0.04351039603352547","0.04351039603352547","0.04351039603352547"
"193","0.04470806196331978","0.04470806196331978","0.04470806196331978"
"194","0.04229789599776268","0.04229789599776268","0.04229789599776268"
"195","0.051240019500255585","0.051240019500255585","0.051240019500255585"
"196","0.06778070330619812","0.06778070330619812","0.06778070330619812"
"197","0.08310987055301666","0.08310987055301666","0.08310987055301666"
"198","0.0557209774851799","0.0557209774851799","0.0557209774851799"
"199","0.07237251847982407","0.07237251847982407","0.07237251847982407"
"200","0.0764966756105423","0.0764966756105423","0.0764966756105423"
"201","0.0568292960524559","0.0568292960524559","0.0568292960524559"
"202","0.056206054985523224","0.056206054985523224","0.056206054985523224"
"203","0.07112745195627213","0.07112745195627213","0.07112745195627213"
"204","0.04996924847364426","0.04996924847364426","0.04996924847364426"
"205","0.06039005517959595","0.06039005517959595","0.06039005517959595"
"206","0.07245419174432755","0.07245419174432755","0.07245419174432755"
"207","0.050248946994543076","0.050248946994543076","0.050248946994543076"
"208","0.07283470779657364","0.07283470779657364","0.07283470779657364"
"209","0.0733567327260971","0.0733567327260971","0.0733567327260971"
"210","0.06693046540021896","0.06693046540021896","0.06693046540021896"
"211","0.06077804043889046","0.06077804043889046","0.06077804043889046"
"212","0.07279223203659058","0.07279223203659058","0.07279223203659058"
"213","0.06441076099872589","0.06441076099872589","0.06441076099872589"
"214","0.08997993171215057","0.08997993171215057","0.08997993171215057"
"215","0.10816332697868347","0.10816332697868347","0.10816332697868347"
"216","0.05839940533041954","0.05839940533041954","0.05839940533041954"
"217","0.07293982058763504","0.07293982058763504","0.07293982058763504"
"218","0.06772967427968979","0.06772967427968979","0.06772967427968979"
"219","0.043109431862831116","0.043109431862831116","0.043109431862831116"
"220","0.034263625741004944","0.034263625741004944","0.034263625741004944"
"221","0.048815809190273285","0.048815809190273285","0.048815809190273285"
"222","0.05306870490312576","0.05306870490312576","0.05306870490312576"
"223","0.04597139731049538","0.04597139731049538","0.04597139731049538"
"224","0.055090513080358505","0.055090513080358505","0.055090513080358505"
"225","0.05747774615883827","0.05747774615883827","0.05747774615883827"
"226","0.08542641252279282","0.08542641252279282","0.08542641252279282"
"227","0.09323075413703918","0.09323075413703918","0.09323075413703918"
"228","0.06265093386173248","0.06265093386173248","0.06265093386173248"
"229","0.05131525546312332","0.05131525546312332","0.05131525546312332"
"230","0.05736178532242775","0.05736178532242775","0.05736178532242775"
"231","0.059322841465473175","0.059322841465473175","0.059322841465473175"
"232","0.06706048548221588","0.06706048548221588","0.06706048548221588"
"233","0.08443674445152283","0.08443674445152283","0.08443674445152283"
"234","0.048254236578941345","0.048254236578941345","0.048254236578941345"
"235","0.03369392827153206","0.03369392827153206","0.03369392827153206"
"236","0.04632699117064476","0.04632699117064476","0.04632699117064476"
"237","0.0941816046833992","0.0941816046833992","0.0941816046833992"
"238","0.08312798291444778","0.08312798291444778","0.08312798291444778"
"239","0.09488144516944885","0.09488144516944885","0.09488144516944885"
"240","0.061236243695020676","0.061236243695020676","0.061236243695020676"
"241","0.09321938455104828","0.09321938455104828","0.09321938455104828"
"242","0.08329878002405167","0.08329878002405167","0.08329878002405167"
"243","0.0620974637567997","0.0620974637567997","0.0620974637567997"
"244","0.058706507086753845","0.058706507086753845","0.058706507086753845"
"245","0.049182575196027756","0.049182575196027756","0.049182575196027756"
"246","0.053674694150686264","0.053674694150686264","0.053674694150686264"
"247","0.06729341298341751","0.06729341298341751","0.06729341298341751"
"248","0.07419648766517639","0.07419648766517639","0.07419648766517639"
"249","0.038731899112463","0.038731899112463","0.038731899112463"
"250","0.02539183758199215","0.02539183758199215","0.02539183758199215"
"251","0.04735177010297775","0.04735177010297775","0.04735177010297775"
"252","0.0864936038851738","0.0864936038851738","0.0864936038851738"
"253","0.10945576429367065","0.10945576429367065","0.10945576429367065"
"254","0.10331890732049942","0.10331890732049942","0.10331890732049942"
"255","0.035812899470329285","0.035812899470329285","0.035812899470329285"
"256","0.048560187220573425","0.048560187220573425","0.048560187220573425"
"257","0.06568434834480286","0.06568434834480286","0.06568434834480286"
"258","0.05433855205774307","0.05433855205774307","0.05433855205774307"
"259","0.052698004990816116","0.052698004990816116","0.052698004990816116"
"260","0.0694470927119255","0.0694470927119255","0.0694470927119255"
"261","0.0519665963947773","0.0519665963947773","0.0519665963947773"
"262","0.04677905887365341","0.04677905887365341","0.04677905887365341"
"263","0.07696308195590973","0.07696308195590973","0.07696308195590973"
"264","0.05948716029524803","0.05948716029524803","0.05948716029524803"
"265","0.06086793541908264","0.06086793541908264","0.06086793541908264"
"266","0.10312952846288681","0.10312952846288681","0.10312952846288681"
"267","0.05068778246641159","0.05068778246641159","0.05068778246641159"
"268","0.04879055917263031","0.04879055917263031","0.04879055917263031"
"269","0.05385811626911163","0.05385811626911163","0.05385811626911163"
"270","0.07810068875551224","0.07810068875551224","0.07810068875551224"
"271","0.09993787109851837","0.09993787109851837","0.09993787109851837"
"272","0.06860902905464172","0.06860902905464172","0.06860902905464172"
"273","0.0495707169175148","0.0495707169175148","0.0495707169175148"
"274","0.06264836341142654","0.06264836341142654","0.06264836341142654"
"275","0.06918387115001678","0.06918387115001678","0.06918387115001678"
"276","0.06352310627698898","0.06352310627698898","0.06352310627698898"
"277","0.06236090138554573","0.06236090138554573","0.06236090138554573"
"278","0.05840834975242615","0.05840834975242615","0.05840834975242615"
"279","0.04817621409893036","0.04817621409893036","0.04817621409893036"
"280","0.054252929985523224","0.054252929985523224","0.054252929985523224"
"281","0.059181082993745804","0.059181082993745804","0.059181082993745804"
"282","0.045333992689847946","0.045333992689847946","0.045333992689847946"
"283","0.027087902650237083","0.027087902650237083","0.027087902650237083"
"284","0.05160265043377876","0.05160265043377876","0.05160265043377876"
"285","0.07696115970611572","0.07696115970611572","0.07696115970611572"
"286","0.07400257140398026","0.07400257140398026","0.07400257140398026"
"287","0.07927555590867996","0.07927555590867996","0.07927555590867996"
"288","0.06850132346153259","0.06850132346153259","0.06850132346153259"
"289","0.07103049755096436","0.07103049755096436","0.07103049755096436"
"290","0.06684450060129166","0.06684450060129166","0.06684450060129166"
"291","0.0530741848051548","0.0530741848051548","0.0530741848051548"
"292","0.086175836622715","0.086175836622715","0.086175836622715"
"293","0.09017569571733475","0.09017569571733475","0.09017569571733475"
"294","0.060342904180288315","0.060342904180288315","0.060342904180288315"
"295","0.0830032229423523","0.0830032229423523","0.0830032229423523"
"296","0.10912543535232544","0.10912543535232544","0.10912543535232544"
"297","0.07858653366565704","0.07858653366565704","0.07858653366565704"
"298","0.09829550981521606","0.09829550981521606","0.09829550981521606"
"299","0.1375901848077774","0.1375901848077774","0.1375901848077774"
"300","0.06758587807416916","0.06758587807416916","0.06758587807416916"
"301","0.07254055887460709","0.07254055887460709","0.07254055887460709"
"302","0.1102280467748642","0.1102280467748642","0.1102280467748642"
"303","0.06881976127624512","0.06881976127624512","0.06881976127624512"
"304","0.08404664695262909","0.08404664695262909","0.08404664695262909"
"305","0.07781605422496796","0.07781605422496796","0.07781605422496796"
"306","0.054704226553440094","0.054704226553440094","0.054704226553440094"
"307","0.07216540724039078","0.07216540724039078","0.07216540724039078"
"308","0.08532930165529251","0.08532930165529251","0.08532930165529251"
"309","0.05838857218623161","0.05838857218623161","0.05838857218623161"
"310","0.0589103102684021","0.0589103102684021","0.0589103102684021"
"311","0.07856133580207825","0.07856133580207825","0.07856133580207825"
"312","0.054002732038497925","0.054002732038497925","0.054002732038497925"
"313","0.05504376068711281","0.05504376068711281","0.05504376068711281"
"314","0.055951476097106934","0.055951476097106934","0.055951476097106934"
"315","0.057550132274627686","0.057550132274627686","0.057550132274627686"
"316","0.07693109661340714","0.07693109661340714","0.07693109661340714"
"317","0.10509597510099411","0.10509597510099411","0.10509597510099411"
"318","0.07625437527894974","0.07625437527894974","0.07625437527894974"
"319","0.07277990877628326","0.07277990877628326","0.07277990877628326"
"320","0.07028903067111969","0.07028903067111969","0.07028903067111969"
"321","0.05528990179300308","0.05528990179300308","0.05528990179300308"
"322","0.0537613146007061","0.0537613146007061","0.0537613146007061"
"323","0.07354363799095154","0.07354363799095154","0.07354363799095154"
"324","0.06007660925388336","0.06007660925388336","0.06007660925388336"
"325","0.0692690908908844","0.0692690908908844","0.0692690908908844"
"326","0.08414420485496521","0.08414420485496521","0.08414420485496521"
"327","0.05334736034274101","0.05334736034274101","0.05334736034274101"
"328","0.09004964679479599","0.09004964679479599","0.09004964679479599"
"329","0.14288344979286194","0.14288344979286194","0.14288344979286194"
"330","0.0552503764629364","0.0552503764629364","0.0552503764629364"
"331","0.05512642115354538","0.05512642115354538","0.05512642115354538"
"332","0.06655024737119675","0.06655024737119675","0.06655024737119675"
"333","0.05711682140827179","0.05711682140827179","0.05711682140827179"
"334","0.07113216072320938","0.07113216072320938","0.07113216072320938"
"335","0.05899888649582863","0.05899888649582863","0.05899888649582863"
"336","0.04898848012089729","0.04898848012089729","0.04898848012089729"
"337","0.09941796213388443","0.09941796213388443","0.09941796213388443"
"338","0.14357639849185944","0.14357639849185944","0.14357639849185944"
"339","0.062388673424720764","0.062388673424720764","0.062388673424720764"
"340","0.11025850474834442","0.11025850474834442","0.11025850474834442"
"341","0.15540152788162231","0.15540152788162231","0.15540152788162231"
"342","0.06413155049085617","0.06413155049085617","0.06413155049085617"
"343","0.035068921744823456","0.035068921744823456","0.035068921744823456"
"344","0.03800378367304802","0.03800378367304802","0.03800378367304802"
"345","0.05241559073328972","0.05241559073328972","0.05241559073328972"
"346","0.05196790024638176","0.05196790024638176","0.05196790024638176"
"347","0.08033724129199982","0.08033724129199982","0.08033724129199982"
"348","0.050589919090270996","0.050589919090270996","0.050589919090270996"
"349","0.04061797633767128","0.04061797633767128","0.04061797633767128"
"350","0.08959999680519104","0.08959999680519104","0.08959999680519104"
"351","0.04660254344344139","0.04660254344344139","0.04660254344344139"
"352","0.08730357140302658","0.08730357140302658","0.08730357140302658"
"353","0.10070539265871048","0.10070539265871048","0.10070539265871048"
"354","0.0730864480137825","0.0730864480137825","0.0730864480137825"
"355","0.10830912739038467","0.10830912739038467","0.10830912739038467"
"356","0.15650874376296997","0.15650874376296997","0.15650874376296997"
"357","0.048087820410728455","0.048087820410728455","0.048087820410728455"
"358","0.10399754345417023","0.10399754345417023","0.10399754345417023"
"359","0.13505277037620544","0.13505277037620544","0.13505277037620544"
"360","0.04483351111412048","0.04483351111412048","0.04483351111412048"
"361","0.07177839428186417","0.07177839428186417","0.07177839428186417"
"362","0.08200272917747498","0.08200272917747498","0.08200272917747498"
"363","0.046224333345890045","0.046224333345890045","0.046224333345890045"
"364","0.03830105811357498","0.03830105811357498","0.03830105811357498"
"365","0.048040684312582016","0.048040684312582016","0.048040684312582016"
"366","0.05839408561587334","0.05839408561587334","0.05839408561587334"
"367","0.0966155156493187","0.0966155156493187","0.0966155156493187"
"368","0.0880281999707222","0.0880281999707222","0.0880281999707222"
"369","0.0620676726102829","0.0620676726102829","0.0620676726102829"
"370","0.08732634037733078","0.08732634037733078","0.08732634037733078"
"371","0.09484895318746567","0.09484895318746567","0.09484895318746567"
"372","0.046926796436309814","0.046926796436309814","0.046926796436309814"
"373","0.06086329370737076","0.06086329370737076","0.06086329370737076"
"374","0.06618351489305496","0.06618351489305496","0.06618351489305496"
"375","0.09624353051185608","0.09624353051185608","0.09624353051185608"
"376","0.09389863908290863","0.09389863908290863","0.09389863908290863"
"377","0.13398325443267822","0.13398325443267822","0.13398325443267822"
"378","0.03234986960887909","0.03234986960887909","0.03234986960887909"
"379","0.07564542442560196","0.07564542442560196","0.07564542442560196"
"380","0.0980202928185463","0.0980202928185463","0.0980202928185463"
"381","0.04916718974709511","0.04916718974709511","0.04916718974709511"
"382","0.03376685082912445","0.03376685082912445","0.03376685082912445"
"383","0.04369772598147392","0.04369772598147392","0.04369772598147392"
"384","0.06467048078775406","0.06467048078775406","0.06467048078775406"
"385","0.09196210652589798","0.09196210652589798","0.09196210652589798"
"386","0.13994933664798737","0.13994933664798737","0.13994933664798737"
"387","0.04421175643801689","0.04421175643801689","0.04421175643801689"
"388","0.055722013115882874","0.055722013115882874","0.055722013115882874"
"389","0.058128029108047485","0.058128029108047485","0.058128029108047485"
"390","0.0692586675286293","0.0692586675286293","0.0692586675286293"
"391","0.1044422909617424","0.1044422909617424","0.1044422909617424"
"392","0.10974621772766113","0.10974621772766113","0.10974621772766113"
"393","0.06529135257005692","0.06529135257005692","0.06529135257005692"
"394","0.06309813261032104","0.06309813261032104","0.06309813261032104"
"395","0.04828168824315071","0.04828168824315071","0.04828168824315071"
"396","0.05689898505806923","0.05689898505806923","0.05689898505806923"
"397","0.06917981803417206","0.06917981803417206","0.06917981803417206"
"398","0.09178483486175537","0.09178483486175537","0.09178483486175537"
"399","0.058787841349840164","0.058787841349840164","0.058787841349840164"
"400","0.09005387872457504","0.09005387872457504","0.09005387872457504"
"401","0.1038464903831482","0.1038464903831482","0.1038464903831482"
"402","0.059546783566474915","0.059546783566474915","0.059546783566474915"
"403","0.050302810966968536","0.050302810966968536","0.050302810966968536"
"404","0.03874102607369423","0.03874102607369423","0.03874102607369423"
"405","0.050024718046188354","0.050024718046188354","0.050024718046188354"
"406","0.062490157783031464","0.062490157783031464","0.062490157783031464"
"407","0.07972042262554169","0.07972042262554169","0.07972042262554169"
"408","0.039262812584638596","0.039262812584638596","0.039262812584638596"
"409","0.06837078183889389","0.06837078183889389","0.06837078183889389"
"410","0.08770230412483215","0.08770230412483215","0.08770230412483215"
"411","0.05610425025224686","0.05610425025224686","0.05610425025224686"
"412","0.08139554411172867","0.08139554411172867","0.08139554411172867"
"413","0.1264980584383011","0.1264980584383011","0.1264980584383011"
"414","0.05854540318250656","0.05854540318250656","0.05854540318250656"
"415","0.0685591995716095","0.0685591995716095","0.0685591995716095"
"416","0.06685061752796173","0.06685061752796173","0.06685061752796173"
"417","0.06920122355222702","0.06920122355222702","0.06920122355222702"
"418","0.06542588025331497","0.06542588025331497","0.06542588025331497"
"419","0.06376240402460098","0.06376240402460098","0.06376240402460098"
"420","0.055150724947452545","0.055150724947452545","0.055150724947452545"
"421","0.09683728963136673","0.09683728963136673","0.09683728963136673"
"422","0.07818432152271271","0.07818432152271271","0.07818432152271271"
"423","0.04847300797700882","0.04847300797700882","0.04847300797700882"
"424","0.06668652594089508","0.06668652594089508","0.06668652594089508"
"425","0.08038582652807236","0.08038582652807236","0.08038582652807236"
"426","0.06219513714313507","0.06219513714313507","0.06219513714313507"
"427","0.09864126145839691","0.09864126145839691","0.09864126145839691"
"428","0.11212287843227386","0.11212287843227386","0.11212287843227386"
"429","0.060814473778009415","0.060814473778009415","0.060814473778009415"
"430","0.07268433272838593","0.07268433272838593","0.07268433272838593"
"431","0.056943558156490326","0.056943558156490326","0.056943558156490326"
"432","0.052016571164131165","0.052016571164131165","0.052016571164131165"
"433","0.10242398083209991","0.10242398083209991","0.10242398083209991"
"434","0.0890173614025116","0.0890173614025116","0.0890173614025116"
"435","0.053116001188755035","0.053116001188755035","0.053116001188755035"
"436","0.0500718392431736","0.0500718392431736","0.0500718392431736"
"437","0.05958423390984535","0.05958423390984535","0.05958423390984535"
"438","0.0633770152926445","0.0633770152926445","0.0633770152926445"
"439","0.06039227917790413","0.06039227917790413","0.06039227917790413"
"440","0.05195862054824829","0.05195862054824829","0.05195862054824829"
"441","0.04580334573984146","0.04580334573984146","0.04580334573984146"
"442","0.09796760976314545","0.09796760976314545","0.09796760976314545"
"443","0.11260441690683365","0.11260441690683365","0.11260441690683365"
"444","0.047190308570861816","0.047190308570861816","0.047190308570861816"
"445","0.06429056823253632","0.06429056823253632","0.06429056823253632"
"446","0.07071714103221893","0.07071714103221893","0.07071714103221893"
"447","0.04882356896996498","0.04882356896996498","0.04882356896996498"
"448","0.056355223059654236","0.056355223059654236","0.056355223059654236"
"449","0.05821692943572998","0.05821692943572998","0.05821692943572998"
"450","0.0714278593659401","0.0714278593659401","0.0714278593659401"
"451","0.08018140494823456","0.08018140494823456","0.08018140494823456"
"452","0.07130545377731323","0.07130545377731323","0.07130545377731323"
"453","0.03957795724272728","0.03957795724272728","0.03957795724272728"
"454","0.05935315787792206","0.05935315787792206","0.05935315787792206"
"455","0.0977756604552269","0.0977756604552269","0.0977756604552269"
"456","0.03942711651325226","0.03942711651325226","0.03942711651325226"
"457","0.03501210734248161","0.03501210734248161","0.03501210734248161"
"458","0.059406403452157974","0.059406403452157974","0.059406403452157974"
"459","0.05422491207718849","0.05422491207718849","0.05422491207718849"
"460","0.04830566421151161","0.04830566421151161","0.04830566421151161"
"461","0.06229773536324501","0.06229773536324501","0.06229773536324501"
"462","0.05777394026517868","0.05777394026517868","0.05777394026517868"
"463","0.04443642497062683","0.04443642497062683","0.04443642497062683"
"464","0.04239623248577118","0.04239623248577118","0.04239623248577118"
"465","0.05739596486091614","0.05739596486091614","0.05739596486091614"
"466","0.08309582620859146","0.08309582620859146","0.08309582620859146"
"467","0.0787675753235817","0.0787675753235817","0.0787675753235817"
"468","0.05558842048048973","0.05558842048048973","0.05558842048048973"
"469","0.0765296146273613","0.0765296146273613","0.0765296146273613"
"470","0.07985689491033554","0.07985689491033554","0.07985689491033554"
"471","0.045267947018146515","0.045267947018146515","0.045267947018146515"
"472","0.03720461577177048","0.03720461577177048","0.03720461577177048"
"473","0.059451594948768616","0.059451594948768616","0.059451594948768616"
"474","0.04557069018483162","0.04557069018483162","0.04557069018483162"
"475","0.060500968247652054","0.060500968247652054","0.060500968247652054"
"476","0.07184945791959763","0.07184945791959763","0.07184945791959763"
"477","0.04748504236340523","0.04748504236340523","0.04748504236340523"
"478","0.06941092014312744","0.06941092014312744","0.06941092014312744"
"479","0.11051495373249054","0.11051495373249054","0.11051495373249054"
"480","0.05761285126209259","0.05761285126209259","0.05761285126209259"
"481","0.058299172669649124","0.058299172669649124","0.058299172669649124"
"482","0.06350358575582504","0.06350358575582504","0.06350358575582504"
"483","0.04935428872704506","0.04935428872704506","0.04935428872704506"
"484","0.05834813043475151","0.05834813043475151","0.05834813043475151"
"485","0.07105046510696411","0.07105046510696411","0.07105046510696411"
"486","0.05344175174832344","0.05344175174832344","0.05344175174832344"
"487","0.043010320514440536","0.043010320514440536","0.043010320514440536"
"488","0.039050377905368805","0.039050377905368805","0.039050377905368805"
"489","0.05708666890859604","0.05708666890859604","0.05708666890859604"
"490","0.06853064894676208","0.06853064894676208","0.06853064894676208"
"491","0.06377540528774261","0.06377540528774261","0.06377540528774261"
"492","0.06358551979064941","0.06358551979064941","0.06358551979064941"
"493","0.07618837058544159","0.07618837058544159","0.07618837058544159"
"494","0.08662845939397812","0.08662845939397812","0.08662845939397812"
"495","0.04594999924302101","0.04594999924302101","0.04594999924302101"
"496","0.050118762999773026","0.050118762999773026","0.050118762999773026"
"497","0.0532100684940815","0.0532100684940815","0.0532100684940815"
"498","0.051535870879888535","0.051535870879888535","0.051535870879888535"
"499","0.07409223914146423","0.07409223914146423","0.07409223914146423"
"500","0.08978717774152756","0.08978717774152756","0.08978717774152756"
"501","0.05146009102463722","0.05146009102463722","0.05146009102463722"
"502","0.04958819970488548","0.04958819970488548","0.04958819970488548"
"503","0.05525302514433861","0.05525302514433861","0.05525302514433861"
"504","0.0684962198138237","0.0684962198138237","0.0684962198138237"
"505","0.10517969727516174","0.10517969727516174","0.10517969727516174"
"506","0.11981605738401413","0.11981605738401413","0.11981605738401413"
"507","0.061915073543787","0.061915073543787","0.061915073543787"
"508","0.06038500368595123","0.06038500368595123","0.06038500368595123"
"509","0.06399014592170715","0.06399014592170715","0.06399014592170715"
"510","0.05182519555091858","0.05182519555091858","0.05182519555091858"
"511","0.05615563318133354","0.05615563318133354","0.05615563318133354"
"512","0.07988189905881882","0.07988189905881882","0.07988189905881882"
"513","0.0472695529460907","0.0472695529460907","0.0472695529460907"
"514","0.09360841661691666","0.09360841661691666","0.09360841661691666"
"515","0.11462647467851639","0.11462647467851639","0.11462647467851639"
"516","0.03861897438764572","0.03861897438764572","0.03861897438764572"
"517","0.06440430134534836","0.06440430134534836","0.06440430134534836"
"518","0.07831034064292908","0.07831034064292908","0.07831034064292908"
"519","0.049770377576351166","0.049770377576351166","0.049770377576351166"
"520","0.07239392399787903","0.07239392399787903","0.07239392399787903"
"521","0.08929164707660675","0.08929164707660675","0.08929164707660675"
"522","0.044149480760097504","0.044149480760097504","0.044149480760097504"
"523","0.06623030453920364","0.06623030453920364","0.06623030453920364"
"524","0.11524845659732819","0.11524845659732819","0.11524845659732819"
"525","0.04746749997138977","0.04746749997138977","0.04746749997138977"
"526","0.0768347829580307","0.0768347829580307","0.0768347829580307"
"527","0.09785423427820206","0.09785423427820206","0.09785423427820206"
"528","0.040179427713155746","0.040179427713155746","0.040179427713155746"
"529","0.04881272464990616","0.04881272464990616","0.04881272464990616"
"530","0.0690322294831276","0.0690322294831276","0.0690322294831276"
"531","0.050087615847587585","0.050087615847587585","0.050087615847587585"
"532","0.06315574795007706","0.06315574795007706","0.06315574795007706"
"533","0.09931971877813339","0.09931971877813339","0.09931971877813339"
"534","0.06455233693122864","0.06455233693122864","0.06455233693122864"
"535","0.05703476816415787","0.05703476816415787","0.05703476816415787"
"536","0.04291693493723869","0.04291693493723869","0.04291693493723869"
"537","0.06874535977840424","0.06874535977840424","0.06874535977840424"
"538","0.0717099979519844","0.0717099979519844","0.0717099979519844"
"539","0.07074736058712006","0.07074736058712006","0.07074736058712006"
"540","0.052983514964580536","0.052983514964580536","0.052983514964580536"
"541","0.062384601682424545","0.062384601682424545","0.062384601682424545"
"542","0.07348480075597763","0.07348480075597763","0.07348480075597763"
"543","0.06156943365931511","0.06156943365931511","0.06156943365931511"
"544","0.05407505854964256","0.05407505854964256","0.05407505854964256"
"545","0.06050563231110573","0.06050563231110573","0.06050563231110573"
"546","0.04250186309218407","0.04250186309218407","0.04250186309218407"
"547","0.06320677697658539","0.06320677697658539","0.06320677697658539"
"548","0.11156629770994186","0.11156629770994186","0.11156629770994186"
"549","0.04134639725089073","0.04134639725089073","0.04134639725089073"
"550","0.043589577078819275","0.043589577078819275","0.043589577078819275"
"551","0.048597659915685654","0.048597659915685654","0.048597659915685654"
"552","0.07616417855024338","0.07616417855024338","0.07616417855024338"
"553","0.11111254245042801","0.11111254245042801","0.11111254245042801"
"554","0.14075583219528198","0.14075583219528198","0.14075583219528198"
"555","0.053968608379364014","0.053968608379364014","0.053968608379364014"
"556","0.04745104908943176","0.04745104908943176","0.04745104908943176"
"557","0.052328165620565414","0.052328165620565414","0.052328165620565414"
"558","0.05258810520172119","0.05258810520172119","0.05258810520172119"
"559","0.08320920914411545","0.08320920914411545","0.08320920914411545"
"560","0.10210190713405609","0.10210190713405609","0.10210190713405609"
"561","0.04994260147213936","0.04994260147213936","0.04994260147213936"
"562","0.06968574970960617","0.06968574970960617","0.06968574970960617"
"563","0.09717975556850433","0.09717975556850433","0.09717975556850433"
"564","0.05193625018000603","0.05193625018000603","0.05193625018000603"
"565","0.05311793088912964","0.05311793088912964","0.05311793088912964"
"566","0.05910530686378479","0.05910530686378479","0.05910530686378479"
"567","0.04779140651226044","0.04779140651226044","0.04779140651226044"
"568","0.04943864047527313","0.04943864047527313","0.04943864047527313"
"569","0.10793040692806244","0.10793040692806244","0.10793040692806244"
"570","0.0659385696053505","0.0659385696053505","0.0659385696053505"
"571","0.081229068338871","0.081229068338871","0.081229068338871"
"572","0.06728383898735046","0.06728383898735046","0.06728383898735046"
"573","0.04784427955746651","0.04784427955746651","0.04784427955746651"
"574","0.06814886629581451","0.06814886629581451","0.06814886629581451"
"575","0.07836448401212692","0.07836448401212692","0.07836448401212692"
"576","0.04839747026562691","0.04839747026562691","0.04839747026562691"
"577","0.06155455484986305","0.06155455484986305","0.06155455484986305"
"578","0.0825650617480278","0.0825650617480278","0.0825650617480278"
"579","0.0662456750869751","0.0662456750869751","0.0662456750869751"
"580","0.06314228475093842","0.06314228475093842","0.06314228475093842"
"581","0.06879298388957977","0.06879298388957977","0.06879298388957977"
"582","0.056527480483055115","0.056527480483055115","0.056527480483055115"
"583","0.054161157459020615","0.054161157459020615","0.054161157459020615"
"584","0.06180661916732788","0.06180661916732788","0.06180661916732788"
"585","0.04941943287849426","0.04941943287849426","0.04941943287849426"
"586","0.05989690124988556","0.05989690124988556","0.05989690124988556"
"587","0.07763904333114624","0.07763904333114624","0.07763904333114624"
"588","0.048290450125932693","0.048290450125932693","0.048290450125932693"
"589","0.054496992379426956","0.054496992379426956","0.054496992379426956"
"590","0.050879672169685364","0.050879672169685364","0.050879672169685364"
"591","0.09338729828596115","0.09338729828596115","0.09338729828596115"
"592","0.09495222568511963","0.09495222568511963","0.09495222568511963"
"593","0.12302804738283157","0.12302804738283157","0.12302804738283157"
"594","0.0551886186003685","0.0551886186003685","0.0551886186003685"
"595","0.05395401269197464","0.05395401269197464","0.05395401269197464"
"596","0.051969122141599655","0.051969122141599655","0.051969122141599655"
"597","0.04819132760167122","0.04819132760167122","0.04819132760167122"
"598","0.041274186223745346","0.041274186223745346","0.041274186223745346"
"599","0.044697511941194534","0.044697511941194534","0.044697511941194534"
"600","0.03626951202750206","0.03626951202750206","0.03626951202750206"
"601","0.05959146097302437","0.05959146097302437","0.05959146097302437"
"602","0.0876578688621521","0.0876578688621521","0.0876578688621521"
"603","0.05547191575169563","0.05547191575169563","0.05547191575169563"
"604","0.04572189971804619","0.04572189971804619","0.04572189971804619"
"605","0.05222148448228836","0.05222148448228836","0.05222148448228836"
"606","0.05298926681280136","0.05298926681280136","0.05298926681280136"
"607","0.06330195814371109","0.06330195814371109","0.06330195814371109"
"608","0.08345945179462433","0.08345945179462433","0.08345945179462433"
"609","0.0400344654917717","0.0400344654917717","0.0400344654917717"
"610","0.04266863316297531","0.04266863316297531","0.04266863316297531"
"611","0.06072568893432617","0.06072568893432617","0.06072568893432617"
"612","0.04640854895114899","0.04640854895114899","0.04640854895114899"
"613","0.06106550991535187","0.06106550991535187","0.06106550991535187"
"614","0.06584831327199936","0.06584831327199936","0.06584831327199936"
"615","0.04288182407617569","0.04288182407617569","0.04288182407617569"
"616","0.07258860021829605","0.07258860021829605","0.07258860021829605"
"617","0.08051835745573044","0.08051835745573044","0.08051835745573044"
"618","0.05516635626554489","0.05516635626554489","0.05516635626554489"
"619","0.08086997270584106","0.08086997270584106","0.08086997270584106"
"620","0.08944650739431381","0.08944650739431381","0.08944650739431381"
"621","0.03513005003333092","0.03513005003333092","0.03513005003333092"
"622","0.06867098063230515","0.06867098063230515","0.06867098063230515"
"623","0.08797204494476318","0.08797204494476318","0.08797204494476318"
"624","0.06538168340921402","0.06538168340921402","0.06538168340921402"
"625","0.046491920948028564","0.046491920948028564","0.046491920948028564"
"626","0.05053507909178734","0.05053507909178734","0.05053507909178734"
"627","0.05764912813901901","0.05764912813901901","0.05764912813901901"
"628","0.04799535870552063","0.04799535870552063","0.04799535870552063"
"629","0.05958391726016998","0.05958391726016998","0.05958391726016998"
"630","0.07055820524692535","0.07055820524692535","0.07055820524692535"
"631","0.06971516460180283","0.06971516460180283","0.06971516460180283"
"632","0.07255758345127106","0.07255758345127106","0.07255758345127106"
"633","0.03852922469377518","0.03852922469377518","0.03852922469377518"
"634","0.07908943295478821","0.07908943295478821","0.07908943295478821"
"635","0.10251424461603165","0.10251424461603165","0.10251424461603165"
"636","0.05842316895723343","0.05842316895723343","0.05842316895723343"
"637","0.03954107314348221","0.03954107314348221","0.03954107314348221"
"638","0.034503623843193054","0.034503623843193054","0.034503623843193054"
"639","0.03612156957387924","0.03612156957387924","0.03612156957387924"
"640","0.05035793408751488","0.05035793408751488","0.05035793408751488"
"641","0.07955173403024673","0.07955173403024673","0.07955173403024673"
"642","0.05930297076702118","0.05930297076702118","0.05930297076702118"
"643","0.05600578710436821","0.05600578710436821","0.05600578710436821"
"644","0.06154420226812363","0.06154420226812363","0.06154420226812363"
"645","0.03841457515954971","0.03841457515954971","0.03841457515954971"
"646","0.053515587002038956","0.053515587002038956","0.053515587002038956"
"647","0.07466983050107956","0.07466983050107956","0.07466983050107956"
"648","0.04544343799352646","0.04544343799352646","0.04544343799352646"
"649","0.03713700920343399","0.03713700920343399","0.03713700920343399"
"650","0.06536770612001419","0.06536770612001419","0.06536770612001419"
"651","0.037101417779922485","0.037101417779922485","0.037101417779922485"
"652","0.05522679165005684","0.05522679165005684","0.05522679165005684"
"653","0.07651877403259277","0.07651877403259277","0.07651877403259277"
"654","0.04605677351355553","0.04605677351355553","0.04605677351355553"
"655","0.06152303144335747","0.06152303144335747","0.06152303144335747"
"656","0.07586027681827545","0.07586027681827545","0.07586027681827545"
"657","0.03705486282706261","0.03705486282706261","0.03705486282706261"
"658","0.06199636682868004","0.06199636682868004","0.06199636682868004"
"659","0.08347705751657486","0.08347705751657486","0.08347705751657486"
"660","0.04246468469500542","0.04246468469500542","0.04246468469500542"
"661","0.04127059131860733","0.04127059131860733","0.04127059131860733"
"662","0.039148010313510895","0.039148010313510895","0.039148010313510895"
"663","0.07193886488676071","0.07193886488676071","0.07193886488676071"
"664","0.11210601776838303","0.11210601776838303","0.11210601776838303"
"665","0.10643811523914337","0.10643811523914337","0.10643811523914337"
"666","0.08821374922990799","0.08821374922990799","0.08821374922990799"
"667","0.1288144439458847","0.1288144439458847","0.1288144439458847"
"668","0.12670676410198212","0.12670676410198212","0.12670676410198212"
"669","0.043444957584142685","0.043444957584142685","0.043444957584142685"
"670","0.058796681463718414","0.058796681463718414","0.058796681463718414"
"671","0.05406423285603523","0.05406423285603523","0.05406423285603523"
"672","0.07175765186548233","0.07175765186548233","0.07175765186548233"
"673","0.083051398396492","0.083051398396492","0.083051398396492"
"674","0.0863022729754448","0.0863022729754448","0.0863022729754448"
"675","0.06542644649744034","0.06542644649744034","0.06542644649744034"
"676","0.07648943364620209","0.07648943364620209","0.07648943364620209"
"677","0.134271040558815","0.134271040558815","0.134271040558815"
"678","0.03755827993154526","0.03755827993154526","0.03755827993154526"
"679","0.047817412763834","0.047817412763834","0.047817412763834"
"680","0.06065458804368973","0.06065458804368973","0.06065458804368973"
"681","0.06267274171113968","0.06267274171113968","0.06267274171113968"
"682","0.07941718399524689","0.07941718399524689","0.07941718399524689"
"683","0.07659968733787537","0.07659968733787537","0.07659968733787537"
"684","0.05236506834626198","0.05236506834626198","0.05236506834626198"
"685","0.07750924676656723","0.07750924676656723","0.07750924676656723"
"686","0.0802108496427536","0.0802108496427536","0.0802108496427536"
"687","0.0442998930811882","0.0442998930811882","0.0442998930811882"
"688","0.04682045057415962","0.04682045057415962","0.04682045057415962"
"689","0.06691348552703857","0.06691348552703857","0.06691348552703857"
"690","0.05116776376962662","0.05116776376962662","0.05116776376962662"
"691","0.04832662269473076","0.04832662269473076","0.04832662269473076"
"692","0.05670250207185745","0.05670250207185745","0.05670250207185745"
"693","0.03885737061500549","0.03885737061500549","0.03885737061500549"
"694","0.053951654583215714","0.053951654583215714","0.053951654583215714"
"695","0.06365964561700821","0.06365964561700821","0.06365964561700821"
"696","0.035971809178590775","0.035971809178590775","0.035971809178590775"
"697","0.08138174563646317","0.08138174563646317","0.08138174563646317"
"698","0.05700485780835152","0.05700485780835152","0.05700485780835152"
"699","0.06598812341690063","0.06598812341690063","0.06598812341690063"
"700","0.07846082746982574","0.07846082746982574","0.07846082746982574"
"701","0.07335149496793747","0.07335149496793747","0.07335149496793747"
"702","0.06627538055181503","0.06627538055181503","0.06627538055181503"
"703","0.05979292467236519","0.05979292467236519","0.05979292467236519"
"704","0.06319837272167206","0.06319837272167206","0.06319837272167206"
"705","0.0692189633846283","0.0692189633846283","0.0692189633846283"
"706","0.0683152973651886","0.0683152973651886","0.0683152973651886"
"707","0.0572730228304863","0.0572730228304863","0.0572730228304863"
"708","0.04196635261178017","0.04196635261178017","0.04196635261178017"
"709","0.045970577746629715","0.045970577746629715","0.045970577746629715"
"710","0.06371774524450302","0.06371774524450302","0.06371774524450302"
"711","0.04693450406193733","0.04693450406193733","0.04693450406193733"
"712","0.07470986247062683","0.07470986247062683","0.07470986247062683"
"713","0.06292819231748581","0.06292819231748581","0.06292819231748581"
"714","0.061187855899333954","0.061187855899333954","0.061187855899333954"
"715","0.09323606640100479","0.09323606640100479","0.09323606640100479"
"716","0.07892584800720215","0.07892584800720215","0.07892584800720215"
"717","0.0449853353202343","0.0449853353202343","0.0449853353202343"
"718","0.04359913989901543","0.04359913989901543","0.04359913989901543"
"719","0.03666737675666809","0.03666737675666809","0.03666737675666809"
"720","0.05585966259241104","0.05585966259241104","0.05585966259241104"
"721","0.037871379405260086","0.037871379405260086","0.037871379405260086"
"722","0.046964287757873535","0.046964287757873535","0.046964287757873535"
"723","0.06115402653813362","0.06115402653813362","0.06115402653813362"
"724","0.04821331799030304","0.04821331799030304","0.04821331799030304"
"725","0.06036153808236122","0.06036153808236122","0.06036153808236122"
"726","0.04733133316040039","0.04733133316040039","0.04733133316040039"
"727","0.07586846500635147","0.07586846500635147","0.07586846500635147"
"728","0.0991782397031784","0.0991782397031784","0.0991782397031784"
"729","0.05602231249213219","0.05602231249213219","0.05602231249213219"
"730","0.08547202497720718","0.08547202497720718","0.08547202497720718"
"731","0.0960637778043747","0.0960637778043747","0.0960637778043747"
"732","0.04834765940904617","0.04834765940904617","0.04834765940904617"
"733","0.05184781923890114","0.05184781923890114","0.05184781923890114"
"734","0.04993555694818497","0.04993555694818497","0.04993555694818497"
"735","0.05483967438340187","0.05483967438340187","0.05483967438340187"
"736","0.05780239775776863","0.05780239775776863","0.05780239775776863"
"737","0.09296977519989014","0.09296977519989014","0.09296977519989014"
"738","0.04953724518418312","0.04953724518418312","0.04953724518418312"
"739","0.07327821105718613","0.07327821105718613","0.07327821105718613"
"740","0.08853280544281006","0.08853280544281006","0.08853280544281006"
"741","0.0557379387319088","0.0557379387319088","0.0557379387319088"
"742","0.09897308796644211","0.09897308796644211","0.09897308796644211"
"743","0.11090070754289627","0.11090070754289627","0.11090070754289627"
"744","0.04646172374486923","0.04646172374486923","0.04646172374486923"
"745","0.0607566311955452","0.0607566311955452","0.0607566311955452"
"746","0.0637369453907013","0.0637369453907013","0.0637369453907013"
"747","0.053733840584754944","0.053733840584754944","0.053733840584754944"
"748","0.049690116196870804","0.049690116196870804","0.049690116196870804"
"749","0.048093702644109726","0.048093702644109726","0.048093702644109726"
"750","0.044122446328401566","0.044122446328401566","0.044122446328401566"
"751","0.04126080125570297","0.04126080125570297","0.04126080125570297"
"752","0.05109799653291702","0.05109799653291702","0.05109799653291702"
"753","0.0435907281935215","0.0435907281935215","0.0435907281935215"
"754","0.03666362911462784","0.03666362911462784","0.03666362911462784"
"755","0.04964994639158249","0.04964994639158249","0.04964994639158249"
"756","0.06075650453567505","0.06075650453567505","0.06075650453567505"
"757","0.056146372109651566","0.056146372109651566","0.056146372109651566"
"758","0.13056495785713196","0.13056495785713196","0.13056495785713196"
"759","0.04056720435619354","0.04056720435619354","0.04056720435619354"
"760","0.04611613228917122","0.04611613228917122","0.04611613228917122"
"761","0.09656793624162674","0.09656793624162674","0.09656793624162674"
"762","0.05848418548703194","0.05848418548703194","0.05848418548703194"
"763","0.04844603314995766","0.04844603314995766","0.04844603314995766"
"764","0.040239542722702026","0.040239542722702026","0.040239542722702026"
"765","0.055698882788419724","0.055698882788419724","0.055698882788419724"
"766","0.061556510627269745","0.061556510627269745","0.061556510627269745"
"767","0.05517430230975151","0.05517430230975151","0.05517430230975151"
"768","0.05748755484819412","0.05748755484819412","0.05748755484819412"
"769","0.09686348587274551","0.09686348587274551","0.09686348587274551"
"770","0.09957533329725266","0.09957533329725266","0.09957533329725266"
"771","0.05216679722070694","0.05216679722070694","0.05216679722070694"
"772","0.05511646717786789","0.05511646717786789","0.05511646717786789"
"773","0.04965066537261009","0.04965066537261009","0.04965066537261009"
"774","0.050399068742990494","0.050399068742990494","0.050399068742990494"
"775","0.07291076332330704","0.07291076332330704","0.07291076332330704"
"776","0.07205754518508911","0.07205754518508911","0.07205754518508911"
"777","0.07429449260234833","0.07429449260234833","0.07429449260234833"
"778","0.07013212889432907","0.07013212889432907","0.07013212889432907"
"779","0.12690094113349915","0.12690094113349915","0.12690094113349915"
"780","0.055021144449710846","0.055021144449710846","0.055021144449710846"
"781","0.04529055953025818","0.04529055953025818","0.04529055953025818"
"782","0.06259047240018845","0.06259047240018845","0.06259047240018845"
"783","0.041285283863544464","0.041285283863544464","0.041285283863544464"
"784","0.07883948087692261","0.07883948087692261","0.07883948087692261"
"785","0.09311340004205704","0.09311340004205704","0.09311340004205704"
"786","0.0671851709485054","0.0671851709485054","0.0671851709485054"
"787","0.057864390313625336","0.057864390313625336","0.057864390313625336"
"788","0.06803537905216217","0.06803537905216217","0.06803537905216217"
"789","0.056668806821107864","0.056668806821107864","0.056668806821107864"
"790","0.07330912351608276","0.07330912351608276","0.07330912351608276"
"791","0.06988532096147537","0.06988532096147537","0.06988532096147537"
"792","0.0725165605545044","0.0725165605545044","0.0725165605545044"
"793","0.07072058320045471","0.07072058320045471","0.07072058320045471"
"794","0.057022400200366974","0.057022400200366974","0.057022400200366974"
"795","0.04866272956132889","0.04866272956132889","0.04866272956132889"
"796","0.06887583434581757","0.06887583434581757","0.06887583434581757"
"797","0.12541136145591736","0.12541136145591736","0.12541136145591736"
"798","0.06530974805355072","0.06530974805355072","0.06530974805355072"
"799","0.09842294454574585","0.09842294454574585","0.09842294454574585"
"800","0.08320451527833939","0.08320451527833939","0.08320451527833939"
"801","0.06527316570281982","0.06527316570281982","0.06527316570281982"
"802","0.05130057781934738","0.05130057781934738","0.05130057781934738"
"803","0.05126640573143959","0.05126640573143959","0.05126640573143959"
"804","0.061844997107982635","0.061844997107982635","0.061844997107982635"
"805","0.05208420008420944","0.05208420008420944","0.05208420008420944"
"806","0.06264015287160873","0.06264015287160873","0.06264015287160873"
"807","0.05392894521355629","0.05392894521355629","0.05392894521355629"
"808","0.05818513408303261","0.05818513408303261","0.05818513408303261"
"809","0.04756113514304161","0.04756113514304161","0.04756113514304161"
"810","0.06380509585142136","0.06380509585142136","0.06380509585142136"
"811","0.11380635201931","0.11380635201931","0.11380635201931"
"812","0.08770890533924103","0.08770890533924103","0.08770890533924103"
"813","0.059377606958150864","0.059377606958150864","0.059377606958150864"
"814","0.07264252007007599","0.07264252007007599","0.07264252007007599"
"815","0.08520228415727615","0.08520228415727615","0.08520228415727615"
"816","0.048733483999967575","0.048733483999967575","0.048733483999967575"
"817","0.059233371168375015","0.059233371168375015","0.059233371168375015"
"818","0.06926900893449783","0.06926900893449783","0.06926900893449783"
"819","0.07205567508935928","0.07205567508935928","0.07205567508935928"
"820","0.10121873766183853","0.10121873766183853","0.10121873766183853"
"821","0.11032017320394516","0.11032017320394516","0.11032017320394516"
"822","0.05709107220172882","0.05709107220172882","0.05709107220172882"
"823","0.050330452620983124","0.050330452620983124","0.050330452620983124"
"824","0.05963624641299248","0.05963624641299248","0.05963624641299248"
"825","0.04759910702705383","0.04759910702705383","0.04759910702705383"
"826","0.08660601824522018","0.08660601824522018","0.08660601824522018"
"827","0.09638368338346481","0.09638368338346481","0.09638368338346481"
"828","0.05456309765577316","0.05456309765577316","0.05456309765577316"
"829","0.053251635283231735","0.053251635283231735","0.053251635283231735"
"830","0.05005883052945137","0.05005883052945137","0.05005883052945137"
"831","0.05086565017700195","0.05086565017700195","0.05086565017700195"
"832","0.04848042130470276","0.04848042130470276","0.04848042130470276"
"833","0.10108868777751923","0.10108868777751923","0.10108868777751923"
"834","0.04435595124959946","0.04435595124959946","0.04435595124959946"
"835","0.04079749807715416","0.04079749807715416","0.04079749807715416"
"836","0.03937693312764168","0.03937693312764168","0.03937693312764168"
"837","0.035917092114686966","0.035917092114686966","0.035917092114686966"
"838","0.05558225139975548","0.05558225139975548","0.05558225139975548"
"839","0.0884370505809784","0.0884370505809784","0.0884370505809784"
"840","0.045993272215127945","0.045993272215127945","0.045993272215127945"
"841","0.07484783977270126","0.07484783977270126","0.07484783977270126"
"842","0.10732382535934448","0.10732382535934448","0.10732382535934448"
"843","0.039305999875068665","0.039305999875068665","0.039305999875068665"
"844","0.029142972081899643","0.029142972081899643","0.029142972081899643"
"845","0.04317270591855049","0.04317270591855049","0.04317270591855049"
"846","0.04328697919845581","0.04328697919845581","0.04328697919845581"
"847","0.046781979501247406","0.046781979501247406","0.046781979501247406"
"848","0.07310867309570312","0.07310867309570312","0.07310867309570312"
"849","0.03351541981101036","0.03351541981101036","0.03351541981101036"
"850","0.05203159898519516","0.05203159898519516","0.05203159898519516"
"851","0.050714194774627686","0.050714194774627686","0.050714194774627686"
"852","0.04337465390563011","0.04337465390563011","0.04337465390563011"
"853","0.050101388245821","0.050101388245821","0.050101388245821"
"854","0.08977910876274109","0.08977910876274109","0.08977910876274109"
"855","0.056967735290527344","0.056967735290527344","0.056967735290527344"
"856","0.049177076667547226","0.049177076667547226","0.049177076667547226"
"857","0.06380601972341537","0.06380601972341537","0.06380601972341537"
"858","0.04389296844601631","0.04389296844601631","0.04389296844601631"
"859","0.03430527448654175","0.03430527448654175","0.03430527448654175"
"860","0.0548982247710228","0.0548982247710228","0.0548982247710228"
"861","0.07502460479736328","0.07502460479736328","0.07502460479736328"
"862","0.06936965882778168","0.06936965882778168","0.06936965882778168"
"863","0.08170516788959503","0.08170516788959503","0.08170516788959503"
"864","0.07115434110164642","0.07115434110164642","0.07115434110164642"
"865","0.059009719640016556","0.059009719640016556","0.059009719640016556"
"866","0.0527302548289299","0.0527302548289299","0.0527302548289299"
"867","0.044692765921354294","0.044692765921354294","0.044692765921354294"
"868","0.06934621185064316","0.06934621185064316","0.06934621185064316"
"869","0.06638175249099731","0.06638175249099731","0.06638175249099731"
"870","0.06988278776407242","0.06988278776407242","0.06988278776407242"
"871","0.10068944841623306","0.10068944841623306","0.10068944841623306"
"872","0.10995461791753769","0.10995461791753769","0.10995461791753769"
"873","0.04749668389558792","0.04749668389558792","0.04749668389558792"
"874","0.08744948357343674","0.08744948357343674","0.08744948357343674"
"875","0.08063551038503647","0.08063551038503647","0.08063551038503647"
"876","0.05852702260017395","0.05852702260017395","0.05852702260017395"
"877","0.0587725006043911","0.0587725006043911","0.0587725006043911"
"878","0.06202169880270958","0.06202169880270958","0.06202169880270958"
"879","0.08047109842300415","0.08047109842300415","0.08047109842300415"
"880","0.09139633923768997","0.09139633923768997","0.09139633923768997"
"881","0.1539502888917923","0.1539502888917923","0.1539502888917923"
"882","0.05191757529973984","0.05191757529973984","0.05191757529973984"
"883","0.04836767539381981","0.04836767539381981","0.04836767539381981"
"884","0.04648660123348236","0.04648660123348236","0.04648660123348236"
"885","0.06313946843147278","0.06313946843147278","0.06313946843147278"
"886","0.06167599558830261","0.06167599558830261","0.06167599558830261"
"887","0.051549725234508514","0.051549725234508514","0.051549725234508514"
"888","0.043103765696287155","0.043103765696287155","0.043103765696287155"
"889","0.058209557086229324","0.058209557086229324","0.058209557086229324"
"890","0.08746855705976486","0.08746855705976486","0.08746855705976486"
"891","0.05479521304368973","0.05479521304368973","0.05479521304368973"
"892","0.05709049850702286","0.05709049850702286","0.05709049850702286"
"893","0.05692867934703827","0.05692867934703827","0.05692867934703827"
"894","0.057401467114686966","0.057401467114686966","0.057401467114686966"
"895","0.03809813782572746","0.03809813782572746","0.03809813782572746"
"896","0.04520551115274429","0.04520551115274429","0.04520551115274429"
"897","0.08142151683568954","0.08142151683568954","0.08142151683568954"
"898","0.1449601948261261","0.1449601948261261","0.1449601948261261"
"899","0.1656997799873352","0.1656997799873352","0.1656997799873352"
"900","0.039856698364019394","0.039856698364019394","0.039856698364019394"
"901","0.03347892314195633","0.03347892314195633","0.03347892314195633"
"902","0.04143612086772919","0.04143612086772919","0.04143612086772919"
"903","0.07728052884340286","0.07728052884340286","0.07728052884340286"
"904","0.09123378247022629","0.09123378247022629","0.09123378247022629"
"905","0.08127789944410324","0.08127789944410324","0.08127789944410324"
"906","0.04856519401073456","0.04856519401073456","0.04856519401073456"
"907","0.05799679458141327","0.05799679458141327","0.05799679458141327"
"908","0.07381826639175415","0.07381826639175415","0.07381826639175415"
"909","0.05804617330431938","0.05804617330431938","0.05804617330431938"
"910","0.047790274024009705","0.047790274024009705","0.047790274024009705"
"911","0.05161158740520477","0.05161158740520477","0.05161158740520477"
"912","0.04799189418554306","0.04799189418554306","0.04799189418554306"
"913","0.07619096338748932","0.07619096338748932","0.07619096338748932"
"914","0.07575410604476929","0.07575410604476929","0.07575410604476929"
"915","0.056642357259988785","0.056642357259988785","0.056642357259988785"
"916","0.05439641699194908","0.05439641699194908","0.05439641699194908"
"917","0.05333683267235756","0.05333683267235756","0.05333683267235756"
"918","0.052777912467718124","0.052777912467718124","0.052777912467718124"
"919","0.03946381434798241","0.03946381434798241","0.03946381434798241"
"920","0.04898601025342941","0.04898601025342941","0.04898601025342941"
"921","0.03968275338411331","0.03968275338411331","0.03968275338411331"
"922","0.04608484357595444","0.04608484357595444","0.04608484357595444"
"923","0.047656189650297165","0.047656189650297165","0.047656189650297165"
"924","0.060328200459480286","0.060328200459480286","0.060328200459480286"
"925","0.10417044162750244","0.10417044162750244","0.10417044162750244"
"926","0.11617503315210342","0.11617503315210342","0.11617503315210342"
"927","0.07102178782224655","0.07102178782224655","0.07102178782224655"
"928","0.0984165221452713","0.0984165221452713","0.0984165221452713"
"929","0.09463320672512054","0.09463320672512054","0.09463320672512054"
"930","0.07245843857526779","0.07245843857526779","0.07245843857526779"
"931","0.06386662274599075","0.06386662274599075","0.06386662274599075"
"932","0.0738103911280632","0.0738103911280632","0.0738103911280632"
"933","0.058266330510377884","0.058266330510377884","0.058266330510377884"
"934","0.07359681278467178","0.07359681278467178","0.07359681278467178"
"935","0.0613236129283905","0.0613236129283905","0.0613236129283905"
"936","0.058673955500125885","0.058673955500125885","0.058673955500125885"
"937","0.05288875475525856","0.05288875475525856","0.05288875475525856"
"938","0.05305923521518707","0.05305923521518707","0.05305923521518707"
"939","0.053551144897937775","0.053551144897937775","0.053551144897937775"
"940","0.053553931415081024","0.053553931415081024","0.053553931415081024"
"941","0.0637751892209053","0.0637751892209053","0.0637751892209053"
"942","0.056307051330804825","0.056307051330804825","0.056307051330804825"
"943","0.07690101116895676","0.07690101116895676","0.07690101116895676"
"944","0.1070394366979599","0.1070394366979599","0.1070394366979599"
"945","0.07007533311843872","0.07007533311843872","0.07007533311843872"
"946","0.06008455529808998","0.06008455529808998","0.06008455529808998"
"947","0.05364501103758812","0.05364501103758812","0.05364501103758812"
"948","0.060955826193094254","0.060955826193094254","0.060955826193094254"
"949","0.06652754545211792","0.06652754545211792","0.06652754545211792"
"950","0.07425782829523087","0.07425782829523087","0.07425782829523087"
"951","0.04626496136188507","0.04626496136188507","0.04626496136188507"
"952","0.09020332247018814","0.09020332247018814","0.09020332247018814"
"953","0.06908804178237915","0.06908804178237915","0.06908804178237915"
"954","0.05810848996043205","0.05810848996043205","0.05810848996043205"
"955","0.07669312506914139","0.07669312506914139","0.07669312506914139"
"956","0.0640084445476532","0.0640084445476532","0.0640084445476532"
"957","0.05592511594295502","0.05592511594295502","0.05592511594295502"
"958","0.0469292514026165","0.0469292514026165","0.0469292514026165"
"959","0.04757170379161835","0.04757170379161835","0.04757170379161835"
"960","0.06841324269771576","0.06841324269771576","0.06841324269771576"
"961","0.12568867206573486","0.12568867206573486","0.12568867206573486"
"962","0.14894996583461761","0.14894996583461761","0.14894996583461761"
"963","0.05731694772839546","0.05731694772839546","0.05731694772839546"
"964","0.0552162230014801","0.0552162230014801","0.0552162230014801"
"965","0.05443872883915901","0.05443872883915901","0.05443872883915901"
"966","0.06962838023900986","0.06962838023900986","0.06962838023900986"
"967","0.07734944671392441","0.07734944671392441","0.07734944671392441"
"968","0.08327639847993851","0.08327639847993851","0.08327639847993851"
"969","0.06632275134325027","0.06632275134325027","0.06632275134325027"
"970","0.0726282075047493","0.0726282075047493","0.0726282075047493"
"971","0.06485205143690109","0.06485205143690109","0.06485205143690109"
"972","0.07440958172082901","0.07440958172082901","0.07440958172082901"
"973","0.07040292024612427","0.07040292024612427","0.07040292024612427"
"974","0.05233906954526901","0.05233906954526901","0.05233906954526901"
"975","0.050561752170324326","0.050561752170324326","0.050561752170324326"
"976","0.04854049161076546","0.04854049161076546","0.04854049161076546"
"977","0.06577055901288986","0.06577055901288986","0.06577055901288986"
"978","0.038297105580568314","0.038297105580568314","0.038297105580568314"
"979","0.0471717044711113","0.0471717044711113","0.0471717044711113"
"980","0.06569243967533112","0.06569243967533112","0.06569243967533112"
"981","0.09002554416656494","0.09002554416656494","0.09002554416656494"
"982","0.06987494230270386","0.06987494230270386","0.06987494230270386"
"983","0.07174080610275269","0.07174080610275269","0.07174080610275269"
"984","0.057310767471790314","0.057310767471790314","0.057310767471790314"
"985","0.08179206401109695","0.08179206401109695","0.08179206401109695"
"986","0.08489540219306946","0.08489540219306946","0.08489540219306946"
"987","0.05757642909884453","0.05757642909884453","0.05757642909884453"
"988","0.04001534357666969","0.04001534357666969","0.04001534357666969"
"989","0.05522231385111809","0.05522231385111809","0.05522231385111809"
"990","0.04410029575228691","0.04410029575228691","0.04410029575228691"
"991","0.03833447024226189","0.03833447024226189","0.03833447024226189"
"992","0.04040256515145302","0.04040256515145302","0.04040256515145302"
"993","0.04013748839497566","0.04013748839497566","0.04013748839497566"
"994","0.04611990228295326","0.04611990228295326","0.04611990228295326"
"995","0.07184594869613647","0.07184594869613647","0.07184594869613647"
"996","0.03849116340279579","0.03849116340279579","0.03849116340279579"
"997","0.05909999832510948","0.05909999832510948","0.05909999832510948"
"998","0.08291362226009369","0.08291362226009369","0.08291362226009369"
"999","0.04605570808053017","0.04605570808053017","0.04605570808053017"
"1000","0.05507209524512291","0.05507209524512291","0.05507209524512291"
"1001","0.05892201140522957","0.05892201140522957","0.05892201140522957"
"1002","0.05352957919239998","0.05352957919239998","0.05352957919239998"
"1003","0.049623921513557434","0.049623921513557434","0.049623921513557434"
"1004","0.05496608093380928","0.05496608093380928","0.05496608093380928"
"1005","0.0465356707572937","0.0465356707572937","0.0465356707572937"
"1006","0.06901336461305618","0.06901336461305618","0.06901336461305618"
"1007","0.09603233635425568","0.09603233635425568","0.09603233635425568"
"1008","0.05847202241420746","0.05847202241420746","0.05847202241420746"
"1009","0.06929908692836761","0.06929908692836761","0.06929908692836761"
"1010","0.13323211669921875","0.13323211669921875","0.13323211669921875"
"1011","0.04156950116157532","0.04156950116157532","0.04156950116157532"
"1012","0.09190451353788376","0.09190451353788376","0.09190451353788376"
"1013","0.12711501121520996","0.12711501121520996","0.12711501121520996"
"1014","0.050972335040569305","0.050972335040569305","0.050972335040569305"
"1015","0.055452171713113785","0.055452171713113785","0.055452171713113785"
"1016","0.07556954771280289","0.07556954771280289","0.07556954771280289"
"1017","0.05272086337208748","0.05272086337208748","0.05272086337208748"
"1018","0.09078726917505264","0.09078726917505264","0.09078726917505264"
"1019","0.09799440950155258","0.09799440950155258","0.09799440950155258"
"1020","0.051457565277814865","0.051457565277814865","0.051457565277814865"
"1021","0.05764472857117653","0.05764472857117653","0.05764472857117653"
"1022","0.06888684630393982","0.06888684630393982","0.06888684630393982"
"1023","0.05399573594331741","0.05399573594331741","0.05399573594331741"
"1024","0.04207274317741394","0.04207274317741394","0.04207274317741394"
"1025","0.07268542796373367","0.07268542796373367","0.07268542796373367"
"1026","0.06029669567942619","0.06029669567942619","0.06029669567942619"
"1027","0.0748705118894577","0.0748705118894577","0.0748705118894577"
"1028","0.08573155850172043","0.08573155850172043","0.08573155850172043"
"1029","0.04922834411263466","0.04922834411263466","0.04922834411263466"
"1030","0.05537407100200653","0.05537407100200653","0.05537407100200653"
"1031","0.08464328199625015","0.08464328199625015","0.08464328199625015"
"1032","0.06856679171323776","0.06856679171323776","0.06856679171323776"
"1033","0.05142509564757347","0.05142509564757347","0.05142509564757347"
"1034","0.07645675539970398","0.07645675539970398","0.07645675539970398"
"1035","0.07032960653305054","0.07032960653305054","0.07032960653305054"
"1036","0.07233397662639618","0.07233397662639618","0.07233397662639618"
"1037","0.09340466558933258","0.09340466558933258","0.09340466558933258"
"1038","0.06078539416193962","0.06078539416193962","0.06078539416193962"
"1039","0.06685755401849747","0.06685755401849747","0.06685755401849747"
"1040","0.09420176595449448","0.09420176595449448","0.09420176595449448"
"1041","0.044665347784757614","0.044665347784757614","0.044665347784757614"
"1042","0.03523878753185272","0.03523878753185272","0.03523878753185272"
"1043","0.06698014587163925","0.06698014587163925","0.06698014587163925"
"1044","0.05456544831395149","0.05456544831395149","0.05456544831395149"
"1045","0.06136101856827736","0.06136101856827736","0.06136101856827736"
"1046","0.07904814928770065","0.07904814928770065","0.07904814928770065"
"1047","0.04403897747397423","0.04403897747397423","0.04403897747397423"
"1048","0.07145536690950394","0.07145536690950394","0.07145536690950394"
"1049","0.0990380272269249","0.0990380272269249","0.0990380272269249"
"1050","0.04927980154752731","0.04927980154752731","0.04927980154752731"
"1051","0.041851069778203964","0.041851069778203964","0.041851069778203964"
"1052","0.045614488422870636","0.045614488422870636","0.045614488422870636"
"1053","0.05862748250365257","0.05862748250365257","0.05862748250365257"
"1054","0.11424141377210617","0.11424141377210617","0.11424141377210617"
"1055","0.11526420712471008","0.11526420712471008","0.11526420712471008"
"1056","0.04117542877793312","0.04117542877793312","0.04117542877793312"
"1057","0.07467079907655716","0.07467079907655716","0.07467079907655716"
"1058","0.07814113050699234","0.07814113050699234","0.07814113050699234"
"1059","0.05588039010763168","0.05588039010763168","0.05588039010763168"
"1060","0.06477823853492737","0.06477823853492737","0.06477823853492737"
"1061","0.0780344307422638","0.0780344307422638","0.0780344307422638"
"1062","0.082025445997715","0.082025445997715","0.082025445997715"
"1063","0.10262451320886612","0.10262451320886612","0.10262451320886612"
"1064","0.10041069239377975","0.10041069239377975","0.10041069239377975"
"1065","0.047100599855184555","0.047100599855184555","0.047100599855184555"
"1066","0.05409620329737663","0.05409620329737663","0.05409620329737663"
"1067","0.06437868624925613","0.06437868624925613","0.06437868624925613"
"1068","0.056810058653354645","0.056810058653354645","0.056810058653354645"
"1069","0.063862144947052","0.063862144947052","0.063862144947052"
"1070","0.08273342251777649","0.08273342251777649","0.08273342251777649"
"1071","0.05594274401664734","0.05594274401664734","0.05594274401664734"
"1072","0.06945819407701492","0.06945819407701492","0.06945819407701492"
"1073","0.08572015911340714","0.08572015911340714","0.08572015911340714"
"1074","0.06358446925878525","0.06358446925878525","0.06358446925878525"
"1075","0.09543301165103912","0.09543301165103912","0.09543301165103912"
"1076","0.11333400756120682","0.11333400756120682","0.11333400756120682"
"1077","0.04840337485074997","0.04840337485074997","0.04840337485074997"
"1078","0.05188801884651184","0.05188801884651184","0.05188801884651184"
"1079","0.07421810179948807","0.07421810179948807","0.07421810179948807"
"1080","0.04318886250257492","0.04318886250257492","0.04318886250257492"
"1081","0.08057219535112381","0.08057219535112381","0.08057219535112381"
"1082","0.09917321801185608","0.09917321801185608","0.09917321801185608"
"1083","0.04538356140255928","0.04538356140255928","0.04538356140255928"
"1084","0.053532760590314865","0.053532760590314865","0.053532760590314865"
"1085","0.07824018597602844","0.07824018597602844","0.07824018597602844"
"1086","0.05443867668509483","0.05443867668509483","0.05443867668509483"
"1087","0.05650096759200096","0.05650096759200096","0.05650096759200096"
"1088","0.09917724877595901","0.09917724877595901","0.09917724877595901"
"1089","0.043520789593458176","0.043520789593458176","0.043520789593458176"
"1090","0.07794202119112015","0.07794202119112015","0.07794202119112015"
"1091","0.0829697921872139","0.0829697921872139","0.0829697921872139"
"1092","0.057591184973716736","0.057591184973716736","0.057591184973716736"
"1093","0.053326066583395004","0.053326066583395004","0.053326066583395004"
"1094","0.06504224985837936","0.06504224985837936","0.06504224985837936"
"1095","0.060831811279058456","0.060831811279058456","0.060831811279058456"
"1096","0.06816180050373077","0.06816180050373077","0.06816180050373077"
"1097","0.06987013667821884","0.06987013667821884","0.06987013667821884"
"1098","0.05630166083574295","0.05630166083574295","0.05630166083574295"
"1099","0.0849684476852417","0.0849684476852417","0.0849684476852417"
"1100","0.08532829582691193","0.08532829582691193","0.08532829582691193"
"1101","0.048055388033390045","0.048055388033390045","0.048055388033390045"
"1102","0.06844234466552734","0.06844234466552734","0.06844234466552734"
"1103","0.08673418313264847","0.08673418313264847","0.08673418313264847"
"1104","0.05115080997347832","0.05115080997347832","0.05115080997347832"
"1105","0.07280003279447556","0.07280003279447556","0.07280003279447556"
"1106","0.058874521404504776","0.058874521404504776","0.058874521404504776"
"1107","0.0800495445728302","0.0800495445728302","0.0800495445728302"
"1108","0.10160314291715622","0.10160314291715622","0.10160314291715622"
"1109","0.12165600061416626","0.12165600061416626","0.12165600061416626"
"1110","0.07033515721559525","0.07033515721559525","0.07033515721559525"
"1111","0.10282102972269058","0.10282102972269058","0.10282102972269058"
"1112","0.12366224080324173","0.12366224080324173","0.12366224080324173"
"1113","0.04618760198354721","0.04618760198354721","0.04618760198354721"
"1114","0.07602015882730484","0.07602015882730484","0.07602015882730484"
"1115","0.08973556756973267","0.08973556756973267","0.08973556756973267"
"1116","0.0368390791118145","0.0368390791118145","0.0368390791118145"
"1117","0.06109394133090973","0.06109394133090973","0.06109394133090973"
"1118","0.08642743527889252","0.08642743527889252","0.08642743527889252"
"1119","0.04193490371108055","0.04193490371108055","0.04193490371108055"
"1120","0.06058444827795029","0.06058444827795029","0.06058444827795029"
"1121","0.09566611796617508","0.09566611796617508","0.09566611796617508"
"1122","0.06296773999929428","0.06296773999929428","0.06296773999929428"
"1123","0.08651858568191528","0.08651858568191528","0.08651858568191528"
"1124","0.0950259268283844","0.0950259268283844","0.0950259268283844"
"1125","0.06250118464231491","0.06250118464231491","0.06250118464231491"
"1126","0.0778418630361557","0.0778418630361557","0.0778418630361557"
"1127","0.15646597743034363","0.15646597743034363","0.15646597743034363"
"1128","0.04878902807831764","0.04878902807831764","0.04878902807831764"
"1129","0.07075127959251404","0.07075127959251404","0.07075127959251404"
"1130","0.057694580405950546","0.057694580405950546","0.057694580405950546"
"1131","0.05784733220934868","0.05784733220934868","0.05784733220934868"
"1132","0.05293027311563492","0.05293027311563492","0.05293027311563492"
"1133","0.06361038237810135","0.06361038237810135","0.06361038237810135"
"1134","0.0495254248380661","0.0495254248380661","0.0495254248380661"
"1135","0.04695655778050423","0.04695655778050423","0.04695655778050423"
"1136","0.04959118738770485","0.04959118738770485","0.04959118738770485"
"1137","0.0577012337744236","0.0577012337744236","0.0577012337744236"
"1138","0.10546306520700455","0.10546306520700455","0.10546306520700455"
"1139","0.08491124212741852","0.08491124212741852","0.08491124212741852"
"1140","0.05271589756011963","0.05271589756011963","0.05271589756011963"
"1141","0.04098737984895706","0.04098737984895706","0.04098737984895706"
"1142","0.05847480148077011","0.05847480148077011","0.05847480148077011"
"1143","0.06377550214529037","0.06377550214529037","0.06377550214529037"
"1144","0.04181670770049095","0.04181670770049095","0.04181670770049095"
"1145","0.057542648166418076","0.057542648166418076","0.057542648166418076"
"1146","0.06636865437030792","0.06636865437030792","0.06636865437030792"
"1147","0.08169807493686676","0.08169807493686676","0.08169807493686676"
"1148","0.11340627074241638","0.11340627074241638","0.11340627074241638"
"1149","0.05604856461286545","0.05604856461286545","0.05604856461286545"
"1150","0.0664467066526413","0.0664467066526413","0.0664467066526413"
"1151","0.10480636358261108","0.10480636358261108","0.10480636358261108"
"1152","0.0774795338511467","0.0774795338511467","0.0774795338511467"
"1153","0.10909859836101532","0.10909859836101532","0.10909859836101532"
"1154","0.13637205958366394","0.13637205958366394","0.13637205958366394"
"1155","0.058028314262628555","0.058028314262628555","0.058028314262628555"
"1156","0.08469453454017639","0.08469453454017639","0.08469453454017639"
"1157","0.09860929101705551","0.09860929101705551","0.09860929101705551"
"1158","0.05827048048377037","0.05827048048377037","0.05827048048377037"
"1159","0.05828772112727165","0.05828772112727165","0.05828772112727165"
"1160","0.08093040436506271","0.08093040436506271","0.08093040436506271"
"1161","0.051283903419971466","0.051283903419971466","0.051283903419971466"
"1162","0.053171634674072266","0.053171634674072266","0.053171634674072266"
"1163","0.06002482771873474","0.06002482771873474","0.06002482771873474"
"1164","0.07440101355314255","0.07440101355314255","0.07440101355314255"
"1165","0.08686617761850357","0.08686617761850357","0.08686617761850357"
"1166","0.11513974517583847","0.11513974517583847","0.11513974517583847"
"1167","0.061110496520996094","0.061110496520996094","0.061110496520996094"
"1168","0.05564647912979126","0.05564647912979126","0.05564647912979126"
"1169","0.04408872872591019","0.04408872872591019","0.04408872872591019"
"1170","0.06562107801437378","0.06562107801437378","0.06562107801437378"
"1171","0.04621095955371857","0.04621095955371857","0.04621095955371857"
"1172","0.042067740112543106","0.042067740112543106","0.042067740112543106"
"1173","0.06802108883857727","0.06802108883857727","0.06802108883857727"
"1174","0.08536917716264725","0.08536917716264725","0.08536917716264725"
"1175","0.07718230038881302","0.07718230038881302","0.07718230038881302"
"1176","0.0566389225423336","0.0566389225423336","0.0566389225423336"
"1177","0.06719225645065308","0.06719225645065308","0.06719225645065308"
"1178","0.0680222436785698","0.0680222436785698","0.0680222436785698"
"1179","0.05555354431271553","0.05555354431271553","0.05555354431271553"
"1180","0.04882601276040077","0.04882601276040077","0.04882601276040077"
"1181","0.04836728796362877","0.04836728796362877","0.04836728796362877"
"1182","0.054511986672878265","0.054511986672878265","0.054511986672878265"
"1183","0.04846273735165596","0.04846273735165596","0.04846273735165596"
"1184","0.06325893849134445","0.06325893849134445","0.06325893849134445"
"1185","0.057976752519607544","0.057976752519607544","0.057976752519607544"
"1186","0.07474973797798157","0.07474973797798157","0.07474973797798157"
"1187","0.055905330926179886","0.055905330926179886","0.055905330926179886"
"1188","0.05765359476208687","0.05765359476208687","0.05765359476208687"
"1189","0.04590684175491333","0.04590684175491333","0.04590684175491333"
"1190","0.06389595568180084","0.06389595568180084","0.06389595568180084"
"1191","0.0786072239279747","0.0786072239279747","0.0786072239279747"
"1192","0.10066603124141693","0.10066603124141693","0.10066603124141693"
"1193","0.12103944271802902","0.12103944271802902","0.12103944271802902"
"1194","0.05811736360192299","0.05811736360192299","0.05811736360192299"
"1195","0.0718345195055008","0.0718345195055008","0.0718345195055008"
"1196","0.10313877463340759","0.10313877463340759","0.10313877463340759"
"1197","0.047946229577064514","0.047946229577064514","0.047946229577064514"
"1198","0.053473908454179764","0.053473908454179764","0.053473908454179764"
"1199","0.07811081409454346","0.07811081409454346","0.07811081409454346"
"1200","0.05319000035524368","0.05319000035524368","0.05319000035524368"
"1201","0.07072201371192932","0.07072201371192932","0.07072201371192932"
"1202","0.07221554219722748","0.07221554219722748","0.07221554219722748"
"1203","0.06940438598394394","0.06940438598394394","0.06940438598394394"
"1204","0.11154036968946457","0.11154036968946457","0.11154036968946457"
"1205","0.08596254140138626","0.08596254140138626","0.08596254140138626"
"1206","0.057746827602386475","0.057746827602386475","0.057746827602386475"
"1207","0.09915270656347275","0.09915270656347275","0.09915270656347275"
"1208","0.09234635531902313","0.09234635531902313","0.09234635531902313"
"1209","0.052531395107507706","0.052531395107507706","0.052531395107507706"
"1210","0.08464806526899338","0.08464806526899338","0.08464806526899338"
"1211","0.08466101437807083","0.08466101437807083","0.08466101437807083"
"1212","0.06097109615802765","0.06097109615802765","0.06097109615802765"
"1213","0.07609564810991287","0.07609564810991287","0.07609564810991287"
"1214","0.07360473275184631","0.07360473275184631","0.07360473275184631"
"1215","0.06660158932209015","0.06660158932209015","0.06660158932209015"
"1216","0.06801998615264893","0.06801998615264893","0.06801998615264893"
"1217","0.06619514524936676","0.06619514524936676","0.06619514524936676"
"1218","0.05783639848232269","0.05783639848232269","0.05783639848232269"
"1219","0.05682102590799332","0.05682102590799332","0.05682102590799332"
"1220","0.0798545628786087","0.0798545628786087","0.0798545628786087"
"1221","0.05037562549114227","0.05037562549114227","0.05037562549114227"
"1222","0.049964360892772675","0.049964360892772675","0.049964360892772675"
"1223","0.052383072674274445","0.052383072674274445","0.052383072674274445"
"1224","0.05868944153189659","0.05868944153189659","0.05868944153189659"
"1225","0.10288837552070618","0.10288837552070618","0.10288837552070618"
"1226","0.13269838690757751","0.13269838690757751","0.13269838690757751"
"1227","0.06307749450206757","0.06307749450206757","0.06307749450206757"
"1228","0.09282530099153519","0.09282530099153519","0.09282530099153519"
"1229","0.09595111757516861","0.09595111757516861","0.09595111757516861"
"1230","0.07253692299127579","0.07253692299127579","0.07253692299127579"
"1231","0.08071158826351166","0.08071158826351166","0.08071158826351166"
"1232","0.08083037286996841","0.08083037286996841","0.08083037286996841"
"1233","0.08323131501674652","0.08323131501674652","0.08323131501674652"
"1234","0.13933777809143066","0.13933777809143066","0.13933777809143066"
"1235","0.11265387386083603","0.11265387386083603","0.11265387386083603"
"1236","0.05109209567308426","0.05109209567308426","0.05109209567308426"
"1237","0.051368504762649536","0.051368504762649536","0.051368504762649536"
"1238","0.07026143372058868","0.07026143372058868","0.07026143372058868"
"1239","0.055622637271881104","0.055622637271881104","0.055622637271881104"
"1240","0.0496128611266613","0.0496128611266613","0.0496128611266613"
"1241","0.05248656123876572","0.05248656123876572","0.05248656123876572"
"1242","0.05089639872312546","0.05089639872312546","0.05089639872312546"
"1243","0.03905921429395676","0.03905921429395676","0.03905921429395676"
"1244","0.056834060698747635","0.056834060698747635","0.056834060698747635"
"1245","0.06757793575525284","0.06757793575525284","0.06757793575525284"
"1246","0.10989230871200562","0.10989230871200562","0.10989230871200562"
"1247","0.06716622412204742","0.06716622412204742","0.06716622412204742"
"1248","0.020323675125837326","0.020323675125837326","0.020323675125837326"
"1249","0.05062028020620346","0.05062028020620346","0.05062028020620346"
"1250","0.08057786524295807","0.08057786524295807","0.08057786524295807"
"1251","0.04033799096941948","0.04033799096941948","0.04033799096941948"
"1252","0.041673775762319565","0.041673775762319565","0.041673775762319565"
"1253","0.04778996482491493","0.04778996482491493","0.04778996482491493"
"1254","0.046445332467556","0.046445332467556","0.046445332467556"
"1255","0.04674685001373291","0.04674685001373291","0.04674685001373291"
"1256","0.09078861773014069","0.09078861773014069","0.09078861773014069"
"1257","0.0414324514567852","0.0414324514567852","0.0414324514567852"
"1258","0.07390819489955902","0.07390819489955902","0.07390819489955902"
"1259","0.07548055052757263","0.07548055052757263","0.07548055052757263"
"1260","0.05450274050235748","0.05450274050235748","0.05450274050235748"
"1261","0.048529285937547684","0.048529285937547684","0.048529285937547684"
"1262","0.09109513461589813","0.09109513461589813","0.09109513461589813"
"1263","0.05842774733901024","0.05842774733901024","0.05842774733901024"
"1264","0.06000068783760071","0.06000068783760071","0.06000068783760071"
"1265","0.06667257845401764","0.06667257845401764","0.06667257845401764"
"1266","0.07875289767980576","0.07875289767980576","0.07875289767980576"
"1267","0.0586591511964798","0.0586591511964798","0.0586591511964798"
"1268","0.08085425198078156","0.08085425198078156","0.08085425198078156"
"1269","0.03798513114452362","0.03798513114452362","0.03798513114452362"
"1270","0.04230432212352753","0.04230432212352753","0.04230432212352753"
"1271","0.06410329043865204","0.06410329043865204","0.06410329043865204"
"1272","0.04483051970601082","0.04483051970601082","0.04483051970601082"
"1273","0.04630814120173454","0.04630814120173454","0.04630814120173454"
"1274","0.035249870270490646","0.035249870270490646","0.035249870270490646"
"1275","0.0776156634092331","0.0776156634092331","0.0776156634092331"
"1276","0.07633913308382034","0.07633913308382034","0.07633913308382034"
"1277","0.0931001678109169","0.0931001678109169","0.0931001678109169"
"1278","0.0571792833507061","0.0571792833507061","0.0571792833507061"
"1279","0.05460049584507942","0.05460049584507942","0.05460049584507942"
"1280","0.05724381282925606","0.05724381282925606","0.05724381282925606"
"1281","0.0513453371822834","0.0513453371822834","0.0513453371822834"
"1282","0.13098657131195068","0.13098657131195068","0.13098657131195068"
"1283","0.12175590544939041","0.12175590544939041","0.12175590544939041"
"1284","0.038995303213596344","0.038995303213596344","0.038995303213596344"
"1285","0.02273283340036869","0.02273283340036869","0.02273283340036869"
"1286","0.022533895447850227","0.022533895447850227","0.022533895447850227"
"1287","0.08429475128650665","0.08429475128650665","0.08429475128650665"
"1288","0.08070509135723114","0.08070509135723114","0.08070509135723114"
"1289","0.08776424825191498","0.08776424825191498","0.08776424825191498"
"1290","0.0270050298422575","0.0270050298422575","0.0270050298422575"
"1291","0.021232323721051216","0.021232323721051216","0.021232323721051216"
"1292","0.03362207114696503","0.03362207114696503","0.03362207114696503"
"1293","0.060390371829271317","0.060390371829271317","0.060390371829271317"
"1294","0.07539825886487961","0.07539825886487961","0.07539825886487961"
"1295","0.09226615726947784","0.09226615726947784","0.09226615726947784"
"1296","0.04376443102955818","0.04376443102955818","0.04376443102955818"
"1297","0.04450030252337456","0.04450030252337456","0.04450030252337456"
"1298","0.04776035249233246","0.04776035249233246","0.04776035249233246"
"1299","0.061815958470106125","0.061815958470106125","0.061815958470106125"
"1300","0.08109378814697266","0.08109378814697266","0.08109378814697266"
"1301","0.06489799171686172","0.06489799171686172","0.06489799171686172"
"1302","0.05595237761735916","0.05595237761735916","0.05595237761735916"
"1303","0.10846608877182007","0.10846608877182007","0.10846608877182007"
"1304","0.12285635620355606","0.12285635620355606","0.12285635620355606"
"1305","0.08292635530233383","0.08292635530233383","0.08292635530233383"
"1306","0.08912306278944016","0.08912306278944016","0.08912306278944016"
"1307","0.09004032611846924","0.09004032611846924","0.09004032611846924"
"1308","0.04029413312673569","0.04029413312673569","0.04029413312673569"
"1309","0.07027887552976608","0.07027887552976608","0.07027887552976608"
"1310","0.1261848658323288","0.1261848658323288","0.1261848658323288"
"1311","0.05648314952850342","0.05648314952850342","0.05648314952850342"
"1312","0.07773786783218384","0.07773786783218384","0.07773786783218384"
"1313","0.07782768458127975","0.07782768458127975","0.07782768458127975"
"1314","0.06808650493621826","0.06808650493621826","0.06808650493621826"
"1315","0.06536730378866196","0.06536730378866196","0.06536730378866196"
"1316","0.07565031945705414","0.07565031945705414","0.07565031945705414"
"1317","0.04522839933633804","0.04522839933633804","0.04522839933633804"
"1318","0.06587324291467667","0.06587324291467667","0.06587324291467667"
"1319","0.0646282285451889","0.0646282285451889","0.0646282285451889"
"1320","0.0466558113694191","0.0466558113694191","0.0466558113694191"
"1321","0.06171618774533272","0.06171618774533272","0.06171618774533272"
"1322","0.09080784022808075","0.09080784022808075","0.09080784022808075"
"1323","0.04059549793601036","0.04059549793601036","0.04059549793601036"
"1324","0.05458986014127731","0.05458986014127731","0.05458986014127731"
"1325","0.061800483614206314","0.061800483614206314","0.061800483614206314"
"1326","0.045496754348278046","0.045496754348278046","0.045496754348278046"
"1327","0.09129800647497177","0.09129800647497177","0.09129800647497177"
"1328","0.09259577840566635","0.09259577840566635","0.09259577840566635"
"1329","0.058240149170160294","0.058240149170160294","0.058240149170160294"
"1330","0.05949695408344269","0.05949695408344269","0.05949695408344269"
"1331","0.06684592366218567","0.06684592366218567","0.06684592366218567"
"1332","0.05004646256566048","0.05004646256566048","0.05004646256566048"
"1333","0.06466428190469742","0.06466428190469742","0.06466428190469742"
"1334","0.07540564984083176","0.07540564984083176","0.07540564984083176"
"1335","0.04432310163974762","0.04432310163974762","0.04432310163974762"
"1336","0.0386362224817276","0.0386362224817276","0.0386362224817276"
"1337","0.045847270637750626","0.045847270637750626","0.045847270637750626"
"1338","0.03245459869503975","0.03245459869503975","0.03245459869503975"
"1339","0.03495558351278305","0.03495558351278305","0.03495558351278305"
"1340","0.06852120161056519","0.06852120161056519","0.06852120161056519"
"1341","0.053559836000204086","0.053559836000204086","0.053559836000204086"
"1342","0.058312781155109406","0.058312781155109406","0.058312781155109406"
"1343","0.060861311852931976","0.060861311852931976","0.060861311852931976"
"1344","0.044363491237163544","0.044363491237163544","0.044363491237163544"
"1345","0.052481185644865036","0.052481185644865036","0.052481185644865036"
"1346","0.09122466295957565","0.09122466295957565","0.09122466295957565"
"1347","0.054540038108825684","0.054540038108825684","0.054540038108825684"
"1348","0.0954832062125206","0.0954832062125206","0.0954832062125206"
"1349","0.1356501430273056","0.1356501430273056","0.1356501430273056"
"1350","0.06414924561977386","0.06414924561977386","0.06414924561977386"
"1351","0.05820801854133606","0.05820801854133606","0.05820801854133606"
"1352","0.10248590260744095","0.10248590260744095","0.10248590260744095"
"1353","0.05557762831449509","0.05557762831449509","0.05557762831449509"
"1354","0.0719946101307869","0.0719946101307869","0.0719946101307869"
"1355","0.09720228612422943","0.09720228612422943","0.09720228612422943"
"1356","0.09269611537456512","0.09269611537456512","0.09269611537456512"
"1357","0.10275207459926605","0.10275207459926605","0.10275207459926605"
"1358","0.1304376870393753","0.1304376870393753","0.1304376870393753"
"1359","0.06325969099998474","0.06325969099998474","0.06325969099998474"
"1360","0.07905606925487518","0.07905606925487518","0.07905606925487518"
"1361","0.06489890068769455","0.06489890068769455","0.06489890068769455"
"1362","0.04170645773410797","0.04170645773410797","0.04170645773410797"
"1363","0.03974892199039459","0.03974892199039459","0.03974892199039459"
"1364","0.05858096852898598","0.05858096852898598","0.05858096852898598"
"1365","0.04973645135760307","0.04973645135760307","0.04973645135760307"
"1366","0.12048443406820297","0.12048443406820297","0.12048443406820297"
"1367","0.12035904079675674","0.12035904079675674","0.12035904079675674"
"1368","0.06524697691202164","0.06524697691202164","0.06524697691202164"
"1369","0.0811217650771141","0.0811217650771141","0.0811217650771141"
"1370","0.08790986239910126","0.08790986239910126","0.08790986239910126"
"1371","0.04671906679868698","0.04671906679868698","0.04671906679868698"
"1372","0.044581204652786255","0.044581204652786255","0.044581204652786255"
"1373","0.06805960834026337","0.06805960834026337","0.06805960834026337"
"1374","0.06056017428636551","0.06056017428636551","0.06056017428636551"
"1375","0.053685229271650314","0.053685229271650314","0.053685229271650314"
"1376","0.05152492597699165","0.05152492597699165","0.05152492597699165"
"1377","0.03886882960796356","0.03886882960796356","0.03886882960796356"
"1378","0.04158869385719299","0.04158869385719299","0.04158869385719299"
"1379","0.08010262250900269","0.08010262250900269","0.08010262250900269"
"1380","0.049302954226732254","0.049302954226732254","0.049302954226732254"
"1381","0.03127182647585869","0.03127182647585869","0.03127182647585869"
"1382","0.04349180683493614","0.04349180683493614","0.04349180683493614"
"1383","0.04522549360990524","0.04522549360990524","0.04522549360990524"
"1384","0.058772340416908264","0.058772340416908264","0.058772340416908264"
"1385","0.07385528087615967","0.07385528087615967","0.07385528087615967"
"1386","0.06789152324199677","0.06789152324199677","0.06789152324199677"
"1387","0.06944102048873901","0.06944102048873901","0.06944102048873901"
"1388","0.07437308132648468","0.07437308132648468","0.07437308132648468"
"1389","0.0568549670279026","0.0568549670279026","0.0568549670279026"
"1390","0.06172942742705345","0.06172942742705345","0.06172942742705345"
"1391","0.06859826296567917","0.06859826296567917","0.06859826296567917"
"1392","0.02877303957939148","0.02877303957939148","0.02877303957939148"
"1393","0.046441029757261276","0.046441029757261276","0.046441029757261276"
"1394","0.037425462156534195","0.037425462156534195","0.037425462156534195"
"1395","0.03211509808897972","0.03211509808897972","0.03211509808897972"
"1396","0.04280247911810875","0.04280247911810875","0.04280247911810875"
"1397","0.06051388382911682","0.06051388382911682","0.06051388382911682"
"1398","0.044875744730234146","0.044875744730234146","0.044875744730234146"
"1399","0.03798152878880501","0.03798152878880501","0.03798152878880501"
"1400","0.03999950364232063","0.03999950364232063","0.03999950364232063"
"1401","0.04949666187167168","0.04949666187167168","0.04949666187167168"
"1402","0.039372336119413376","0.039372336119413376","0.039372336119413376"
"1403","0.06822889298200607","0.06822889298200607","0.06822889298200607"
"1404","0.048636507242918015","0.048636507242918015","0.048636507242918015"
"1405","0.10826220363378525","0.10826220363378525","0.10826220363378525"
"1406","0.12588967382907867","0.12588967382907867","0.12588967382907867"
"1407","0.06551236659288406","0.06551236659288406","0.06551236659288406"
"1408","0.061950914561748505","0.061950914561748505","0.061950914561748505"
"1409","0.08393283188343048","0.08393283188343048","0.08393283188343048"
"1410","0.06371144950389862","0.06371144950389862","0.06371144950389862"
"1411","0.07837548106908798","0.07837548106908798","0.07837548106908798"
"1412","0.09338369220495224","0.09338369220495224","0.09338369220495224"
"1413","0.05669620633125305","0.05669620633125305","0.05669620633125305"
"1414","0.04105081036686897","0.04105081036686897","0.04105081036686897"
"1415","0.049120135605335236","0.049120135605335236","0.049120135605335236"
"1416","0.052719712257385254","0.052719712257385254","0.052719712257385254"
"1417","0.05207792669534683","0.05207792669534683","0.05207792669534683"
"1418","0.04934869706630707","0.04934869706630707","0.04934869706630707"
"1419","0.06713881343603134","0.06713881343603134","0.06713881343603134"
"1420","0.04915335029363632","0.04915335029363632","0.04915335029363632"
"1421","0.07539035379886627","0.07539035379886627","0.07539035379886627"
"1422","0.05586908757686615","0.05586908757686615","0.05586908757686615"
"1423","0.06949561089277267","0.06949561089277267","0.06949561089277267"
"1424","0.07800509035587311","0.07800509035587311","0.07800509035587311"
"1425","0.05996008589863777","0.05996008589863777","0.05996008589863777"
"1426","0.08939449489116669","0.08939449489116669","0.08939449489116669"
"1427","0.10750041902065277","0.10750041902065277","0.10750041902065277"
"1428","0.06585883349180222","0.06585883349180222","0.06585883349180222"
"1429","0.08091724663972855","0.08091724663972855","0.08091724663972855"
"1430","0.09996004402637482","0.09996004402637482","0.09996004402637482"
"1431","0.07005687803030014","0.07005687803030014","0.07005687803030014"
"1432","0.0795392170548439","0.0795392170548439","0.0795392170548439"
"1433","0.13165725767612457","0.13165725767612457","0.13165725767612457"
"1434","0.048813946545124054","0.048813946545124054","0.048813946545124054"
"1435","0.05007807910442352","0.05007807910442352","0.05007807910442352"
"1436","0.054818131029605865","0.054818131029605865","0.054818131029605865"
"1437","0.056429456919431686","0.056429456919431686","0.056429456919431686"
"1438","0.05123881250619888","0.05123881250619888","0.05123881250619888"
"1439","0.10407838970422745","0.10407838970422745","0.10407838970422745"
"1440","0.05468885600566864","0.05468885600566864","0.05468885600566864"
"1441","0.038067374378442764","0.038067374378442764","0.038067374378442764"
"1442","0.043447088450193405","0.043447088450193405","0.043447088450193405"
"1443","0.06072048842906952","0.06072048842906952","0.06072048842906952"
"1444","0.05606376379728317","0.05606376379728317","0.05606376379728317"
"1445","0.05911954119801521","0.05911954119801521","0.05911954119801521"
"1446","0.04122859984636307","0.04122859984636307","0.04122859984636307"
"1447","0.05472656339406967","0.05472656339406967","0.05472656339406967"
"1448","0.08299707621335983","0.08299707621335983","0.08299707621335983"
"1449","0.05944617837667465","0.05944617837667465","0.05944617837667465"
"1450","0.13529078662395477","0.13529078662395477","0.13529078662395477"
"1451","0.15474048256874084","0.15474048256874084","0.15474048256874084"
"1452","0.04839208349585533","0.04839208349585533","0.04839208349585533"
"1453","0.04404320567846298","0.04404320567846298","0.04404320567846298"
"1454","0.04763266071677208","0.04763266071677208","0.04763266071677208"
"1455","0.05880415067076683","0.05880415067076683","0.05880415067076683"
"1456","0.0793788880109787","0.0793788880109787","0.0793788880109787"
"1457","0.053114041686058044","0.053114041686058044","0.053114041686058044"
"1458","0.058624278753995895","0.058624278753995895","0.058624278753995895"
"1459","0.05691494420170784","0.05691494420170784","0.05691494420170784"
"1460","0.08303618431091309","0.08303618431091309","0.08303618431091309"
"1461","0.05521193891763687","0.05521193891763687","0.05521193891763687"
"1462","0.0566323846578598","0.0566323846578598","0.0566323846578598"
"1463","0.05816006287932396","0.05816006287932396","0.05816006287932396"
"1464","0.049479492008686066","0.049479492008686066","0.049479492008686066"
"1465","0.04693444073200226","0.04693444073200226","0.04693444073200226"
"1466","0.05848238989710808","0.05848238989710808","0.05848238989710808"
"1467","0.053207170218229294","0.053207170218229294","0.053207170218229294"
"1468","0.06725681573152542","0.06725681573152542","0.06725681573152542"
"1469","0.06345845758914948","0.06345845758914948","0.06345845758914948"
"1470","0.06842801719903946","0.06842801719903946","0.06842801719903946"
"1471","0.051033589988946915","0.051033589988946915","0.051033589988946915"
"1472","0.06127244979143143","0.06127244979143143","0.06127244979143143"
"1473","0.055136680603027344","0.055136680603027344","0.055136680603027344"
"1474","0.07553298771381378","0.07553298771381378","0.07553298771381378"
"1475","0.0858527421951294","0.0858527421951294","0.0858527421951294"
"1476","0.04703722521662712","0.04703722521662712","0.04703722521662712"
"1477","0.05079112946987152","0.05079112946987152","0.05079112946987152"
"1478","0.06123756617307663","0.06123756617307663","0.06123756617307663"
"1479","0.05491543188691139","0.05491543188691139","0.05491543188691139"
"1480","0.06486733257770538","0.06486733257770538","0.06486733257770538"
"1481","0.07559913396835327","0.07559913396835327","0.07559913396835327"
"1482","0.04980612173676491","0.04980612173676491","0.04980612173676491"
"1483","0.04217468202114105","0.04217468202114105","0.04217468202114105"
"1484","0.04744076356291771","0.04744076356291771","0.04744076356291771"
"1485","0.05644690617918968","0.05644690617918968","0.05644690617918968"
"1486","0.07458273321390152","0.07458273321390152","0.07458273321390152"
"1487","0.08979365229606628","0.08979365229606628","0.08979365229606628"
"1488","0.07172246277332306","0.07172246277332306","0.07172246277332306"
"1489","0.07761617004871368","0.07761617004871368","0.07761617004871368"
"1490","0.09220941364765167","0.09220941364765167","0.09220941364765167"
"1491","0.054052796214818954","0.054052796214818954","0.054052796214818954"
"1492","0.0534316822886467","0.0534316822886467","0.0534316822886467"
"1493","0.09495387226343155","0.09495387226343155","0.09495387226343155"
"1494","0.05088743567466736","0.05088743567466736","0.05088743567466736"
"1495","0.0663541927933693","0.0663541927933693","0.0663541927933693"
"1496","0.06863382458686829","0.06863382458686829","0.06863382458686829"
"1497","0.053013015538454056","0.053013015538454056","0.053013015538454056"
"1498","0.04125559329986572","0.04125559329986572","0.04125559329986572"
"1499","0.06515375524759293","0.06515375524759293","0.06515375524759293"